"","term","estimate","std.error","robust.se","statistic","p.value"
"1","mabscases",-0.000299660640502539,0.00031457868239982,0.000265234208884924,-1.12979634777259,0.258562047517953
"2","mabsdeaths",-0.0514250881093054,0.0250635585747036,0.0218793122156668,-2.35039783711675,0.0187533549592674
"3","avcost",-0.002325932811374,0.0010628358681889,0.00089288835741842,-2.6049536787543,0.00918866816181555
"4","unempl",-0.0531469365852219,0.0248313483558022,0.0195033155272177,-2.72502060026938,0.00642974751984444
"5","frule11",-0.725561603061204,0.342517339317912,0.285002858305289,-2.5458046539449,0.0109026181225219
"6","frule12",-0.456189737992873,0.343053117361476,0.277457301265549,-1.64417997260148,0.100139032549215
"7","frule21",-0.049339786900678,0.309681351350637,0.251610810253968,-0.196095656028753,0.844535296242428
"8","frule22",-0.508766734884431,0.30893860498694,0.254990887212684,-1.99523496876999,0.0460172588117765
"9","frule23",0.0844901428920035,0.24718472006482,0.212319488541435,0.397938707710833,0.690675366577698
"10","frule31",-0.0771744618291389,0.295995067859828,0.244044970411795,-0.316230495137502,0.751827562722563
"11","frule32",-0.218187878795396,0.358900925490257,0.292360564840081,-0.746297226901114,0.455487886246374
"12","frule33",-0.00630423449604947,0.201467600358983,0.168965712459529,-0.0373107324810617,0.9702372481699
"13","frule41",-0.608379623823396,0.505219256709845,0.405584092017693,-1.50000859451079,0.133612176271319
"14","frule42",-0.343364393478848,0.239528813940337,0.194523026402208,-1.76516065902083,0.0775367683661414
"15","frule43",-0.222768348691629,0.29908949020618,0.238230728250873,-0.935094940636871,0.349739373689168
"16","frule51",-0.449364227739219,0.26720384586634,0.229441511962925,-1.95851319098626,0.0501698247356724
"17","frule52",-0.286075058621491,0.234710064673449,0.180877662749803,-1.58159417958204,0.113742243600316
"18","frule53",0.0954993532512382,0.234013992243497,0.19789380852181,0.482578782856227,0.629394847096612
"19","frule61",-0.154600775572402,0.370829523392185,0.301889005365343,-0.512111315167988,0.608573105848736
"20","frule62",-0.252482515265842,0.267996030250972,0.214311843985636,-1.17810808105764,0.238753520817697
"21","frule63",-0.268219958281786,0.264570569333751,0.213591987563668,-1.25575852044466,0.209203534711206
"22","frule71",-0.527033917807834,0.309082794708978,0.234218248331829,-2.25018298771135,0.0244373317685984
"23","frule72",-0.34035733020286,0.312232767148285,0.251366874654594,-1.35402618451834,0.175728024043896
"24","frule73",-0.865299330310296,0.292951005477332,0.235039958153712,-3.68149882729474,0.000231866855997579
"25","frule81",-0.119119448447537,0.299177671402558,0.249781967617494,-0.476893706874596,0.633437813459135
"26","frule82",-0.093026315647911,0.373378407035001,0.307228998144612,-0.302791455916292,0.762048795147098
"27","frule83",-0.333842708634138,0.279229209434879,0.232394995856219,-1.43653139950003,0.150851188172743
"28","frule91",-0.564336907146849,0.342838236050132,0.272391709514318,-2.07178444657173,0.0382855478083798
"29","frule92",-0.623427404115102,0.328221569670073,0.264557264701341,-2.35649323339841,0.0184484037521372
"30","frule93",-0.305050285614517,0.293588276402319,0.244325066243192,-1.24854273163639,0.211832369756223
"31","frule101",-0.287870857807694,0.278571095158676,0.214347067197067,-1.34301281362078,0.179267824775548
"32","frule102",-0.46360874377995,0.342923905449577,0.283566602487197,-1.63492012004793,0.102065794073514
"33","frule103",-0.0799026313024141,0.259779312252634,0.225656418287907,-0.354089779092696,0.723271601630005
"34","statquo",-0.638138156634155,0.729304820296697,0.651724916517643,-0.979152615560433,0.327504577376705
"35","tasknum5",NA,0,0,NA,NA
"36","avcost:ffcomheart",0.000290374450850043,0.000910250226557689,0.000801636922632159,0.362226891816066,0.717182485353667
"37","avcost:ffcomresp",0.00115614321202371,0.00097443368167403,0.000823117114882361,1.40459138939049,0.160142818564137
"38","avcost:ffcomcanc",-0.00153731226428947,0.00114279181940676,0.000860667657713513,-1.78618570189283,0.0740691953679885
"39","avcost:larule4",0.00115001866497987,0.000639303405934497,0.000568081431749612,2.02439051992594,0.0429299864067485
"40","avcost:larule10",-0.000285658323780761,0.000647149959222276,0.000558116743799836,-0.511825396665057,0.608773214337148
"41","avcost:owncomother",-0.000465322583213347,0.00123903093257399,0.000873790987515387,-0.532533054084806,0.594356854866749
"42","avcost:wrongdaycare",-0.000131185659336397,0.000629526488053213,0.000586601847372779,-0.223636628360343,0.823040060110349
"43","avcost:pzipifinan",0.0163568681713653,0.0114510832860339,0.0101100788544802,1.61787740796077,0.105689019953904
"44","avcost:reject",-0.0444562936073471,7.81425748275684,0.00531420857107314,-8.36555302878707,5.98336122774776e-17
"45","avcost:gendermale",-0.000919161630248252,0.000582469611303493,0.000505239178278972,-1.81926040133952,0.0688717116465171
"46","avcost:income40",0.00210968252444174,0.000896547919496771,0.000802826350853245,2.62781923164277,0.00859341680930117
"47","avcost:income225",-0.00159720831053103,0.000839852867299782,0.000819461391587368,-1.94909525564969,0.0512840501566252
"48","avcost:employmentMISSING",-0.00238690746890923,0.00193631156683863,0.00194239462082023,-1.22884785785769,0.219128854238808
"49","avcost:ideologymliberal",0.00291271273659871,0.000793624824295943,0.000749393883868606,3.88675808449673,0.000101591907498521
"50","avcost:ideologysliberal",0.00270243886870674,0.00105111616369557,0.00097307978296398,2.77720174236399,0.005482913542536
"51","avcost:tasknum3",0.00136648653833105,0.000755681666056995,0.000688352845024808,1.98515419556638,0.0471273186401343
"52","avcost:tasknum5",0.000970366925812399,0.00103857683610348,0.000794881426006776,1.22076940542844,0.222173340704203
"53","avcost:tasknumMISSING",-0.00169143354195204,0.00245539377504778,0.00158291536752102,-1.06855589165261,0.285269832812439
"54","avcost:layofftemp",0.0013281530005545,0.000502423019191901,0.000419880196561682,3.16317133180009,0.00156060456953068
"55","unempl:reject",-1.30721625084977,303.463657213717,0.157261841687999,-8.31235496684078,9.38212831291683e-17
"56","unempl:rulesjudgmentgood",0.0549476551155154,0.0234628146389734,0.018585425963803,2.9564915661622,0.00311160741159017
"57","unempl:rulesjudgmentinsuff",0.0644697793663755,0.0343021758289483,0.0292244115502892,2.20602489310816,0.0273822568015095
"58","unempl:tasknum3",0.0802080827058959,0.0285844281022677,0.023134596958723,3.4670188051689,0.000526265070778426
"59","unempl:tasknum5",-0.0423445471950478,0.034076965593813,0.0268723641079442,-1.57576560904552,0.115079830854679
"60","unempl:tasknumMISSING",0.0547784796460604,0.0854968006791204,0.0615136012936006,0.890510041585862,0.373192078956951
"61","mabsdeaths:ffcomcanc",0.0798493248990154,0.0436905969692372,0.0317971333767054,2.51121143384306,0.0120317609525247
"62","mabsdeaths:wronguneven",-0.0368913912261252,0.0226825279314417,0.0197822499030019,-1.86487337926749,0.0621991546518268
"63","mabsdeaths:wrongsamecost",0.00224515870453398,0.0204232806440133,0.0175327624866308,0.128055045874601,0.898105411266398
"64","mabsdeaths:gendermale",0.057287353816959,0.0251557661525118,0.021979457001759,2.60640441719622,0.00914983574119975
"65","mabsdeaths:income40",-0.00505414959148572,0.0386185976581388,0.0314890313856115,-0.160505082852283,0.872483217999325
"66","mabsdeaths:income225",0.0254054015672156,0.0383930876333335,0.0335291620961067,0.757710601129684,0.448624251200761
"67","mabsdeaths:tasknum5",-0.101636737288704,0.0317353777882909,0.0254168956572553,-3.99878642377366,6.3668099627288e-05
"68","statquo:y2020m4cases",0.000174167541307382,0.00315295424139414,0.00248494346352104,0.0700891363784171,0.94412271335229
"69","statquo:y2020m8deaths",-0.0731597473436403,0.0353248086990595,0.0274186369550663,-2.66824887989635,0.00762477536011604
"70","statquo:y2020m10deaths",-0.0703214360082946,0.0553699357456773,0.047835249489107,-1.47007566092674,0.141541263410837
"71","statquo:y2020m12deaths",-0.00427597283982435,0.0219776612965122,0.0214801460586366,-0.19906628326231,0.84221089542126
"72","statquo:demeanrp",-0.0157915809248487,0.0968506539268545,0.0820708171877781,-0.192414081715764,0.84741786287754
"73","statquo:ffcomheart",-0.521483473447777,0.423008926758516,0.344489796056101,-1.513784963787,0.130080387426163
"74","statquo:ffcomdiab",0.140428121508949,0.202849234079642,0.178415522961628,0.787084661569223,0.431232307718591
"75","statquo:ffcomresp",0.485774497196574,0.318522839649255,0.254937179980049,1.90546744588055,0.0567193352326432
"76","statquo:ffcomcanc",-1.19269678701339,0.527575038575416,0.404206803069764,-2.95070933481429,0.00317045121480335
"77","statquo:ffcomage",0.0297601209598635,0.250015840276039,0.225442478757865,0.132007601778665,0.894978279021741
"78","statquo:ffcomother",-1.13831434668863,0.90176414393808,0.640985661734809,-1.77588113844514,0.0757525104053952
"79","statquo:ffcompreg",-0.383483161102536,0.505690366684917,0.387140086359295,-0.990553999997395,0.321903408771637
"80","statquo:larule2",0.0169696880434663,0.14725720156757,0.126358137315387,0.134298339655881,0.893166666112466
"81","statquo:larule4",0.227896068212026,0.234421931994802,0.194455562198471,1.17196991248532,0.241209136072018
"82","statquo:larule6",-0.192895204372039,0.205003425060111,0.17250150286226,-1.11822332658784,0.263471624037919
"83","statquo:larule10",-0.0427082864558098,0.236625587069608,0.196775087160967,-0.217041125845739,0.828176294962524
"84","statquo:lirule3",0.189332366711692,0.185983249804158,0.165250765705641,1.14572762131067,0.251907871291311
"85","statquo:owncomdiab",0.156084284345654,0.265588971109061,0.217271276389964,0.718384348539055,0.472520334614384
"86","statquo:owncomcanc",0.195613538246872,0.398924665403728,0.320448750690436,0.610436264224482,0.541572851794327
"87","statquo:owncompreg",-0.685926308096039,0.781197083723883,0.518434356249415,-1.32307263171819,0.185811225091617
"88","statquo:owncomcovid",-0.0660397807397575,0.46643252148988,0.343446737417163,-0.192285363478481,0.847518682726163
"89","statquo:owncomnovax",-0.0243603320440735,0.132545906491908,0.123310574714342,-0.197552660025355,0.843395076548305
"90","statquo:R0subjrange",-0.0470718382538398,0.068033142516667,0.0547863219795613,-0.859189603408686,0.390235918335677
"91","statquo:pvotedem",-0.83453779382489,0.616718663423829,0.480908932260816,-1.73533435925513,0.0826815992560552
"92","statquo:vulnchild",-0.303522966338045,0.188070523656432,0.154482683060917,-1.96477016273958,0.0494408450536901
"93","statquo:vulnteens",-0.247903600709735,0.325506599447602,0.273456663779569,-0.906555346954601,0.36464198402614
"94","statquo:vulnseniors",-0.128306545019571,0.227555663960651,0.202890071569046,-0.632394399722544,0.527129192480395
"95","statquo:vulnwomen",0.20045039445902,0.286029917705101,0.236924655746806,0.846051221757332,0.397524170381556
"96","statquo:vulnmen",-0.0961844596211792,0.223418172624687,0.223414293396652,-0.430520617812095,0.666816972037402
"97","statquo:vulnlowinc",-0.0514014481623475,0.242268118659816,0.199276498516068,-0.257940341912435,0.796452949686964
"98","statquo:vulnrural",-0.534553978255519,0.314558359744644,0.264686307223326,-2.01957548867269,0.0434274397705044
"99","statquo:wrongexactnum",-0.122320107488377,0.173977337898066,0.159778943336095,-0.765558370423545,0.443939122669918
"100","statquo:wrongdaycare",0.269098809759176,0.253152666466147,0.214099237334257,1.25688822206803,0.208794113984797
"101","statquo:wronguneven",0.347447013260498,0.224368782572852,0.197364300980335,1.76043494965747,0.0783340878985083
"102","statquo:pziprasian",0.0959989868416923,0.676039322560911,0.555529882385674,0.172806161982562,0.862803793353734
"103","statquo:pzipitransp",0.471042815062756,2.39198286433853,2.10710016958374,0.223550271535411,0.823107261872596
"104","statquo:pzipifinan",3.36895214531849,4.30789382026976,3.807103067958,0.884912250911422,0.376203960041174
"105","statquo:y2020m10rcases",0.00321412386946912,0.00152581726609634,0.00130759734038296,2.45803793737283,0.0139698415864939
"106","statquo:genderMISSING",-17.540160694991,3813.67877835624,0.677581498601419,-25.8864221222026,9.47040719510117e-148
"107","statquo:agebin35to44",-0.438018894606075,0.221555469429196,0.198515631320814,-2.20647055192449,0.027351069910509
"108","statquo:agebin45to54",-0.179122932259505,0.225410353982329,0.197662499580113,-0.906205945184387,0.364826856854197
"109","statquo:agebin65to74",-0.252693165670507,0.269088241217342,0.234418646238488,-1.07795676549308,0.28105305080399
"110","statquo:income22.5",-0.42153239728969,0.381810138078639,0.278701348238139,-1.51248782955118,0.130409806439244
"111","statquo:income87.5",0.250340542465238,0.269566367680988,0.230718244405124,1.08504874900859,0.277900064742815
"112","statquo:countyfuture6to10",0.437749970269548,0.307067176752275,0.246289639572564,1.77737874410497,0.0755059456250032
"113","statquo:employmentfull",0.0601237378499353,0.19282579154591,0.17514094514938,0.343287732052918,0.73138200909696
"114","statquo:employmentMISSING",-1.27605665671385,0.849045984511938,0.751427288819536,-1.69817715659287,0.0894743306111965
"115","statquo:employmentnotlook",0.484541952264793,0.360814274268396,0.256625576000604,1.88812806508285,0.0590087599915473
"116","statquo:employmentretired",-0.13661390219035,0.246185587568684,0.209788333952004,-0.651198756464719,0.514918192986496
"117","statquo:rulesjudgmentgood",-0.111215716696926,0.289472892195671,0.23306432808076,-0.477188927249256,0.633227595152607
"118","statquo:rulesjudgmentinsuff",-0.318730577097456,0.403325584628839,0.356011420060665,-0.895281890235835,0.370636418619152
"119","statquo:prepjudgmentpoor",0.384387576511998,0.198258487177154,0.168758185541996,2.27774181902626,0.022741964575575
"120","statquo:ideologymliberal",0.206188931810984,0.365825888434715,0.33866501645232,0.608828552682864,0.542638085810041
"121","statquo:ideologymoderate",-0.215293978708447,0.16357121293976,0.14850583009192,-1.44973418602614,0.147132658691192
"122","statquo:ideologysconserv",-0.391764299436769,0.255557596436603,0.21086107629414,-1.85792611098256,0.0631795078443908
"123","statquo:ideologysliberal",-0.0542001733536196,0.390963510528943,0.378914266576509,-0.143040730145418,0.886258013914965
"124","statquo:educationdoctoral",-0.105703831274533,0.384879850008102,0.328074466155419,-0.322194630119302,0.747305252313952
"125","statquo:educationlthighsch",0.816777647380142,0.527388678387278,0.433369891822827,1.88471248878097,0.0594686653262835
"126","statquo:educationsomecoll",-0.181520157346428,0.187833637442763,0.15405892545761,-1.17825148271837,0.238696363675364
"127","statquo:educationtradetech",0.541022890593894,0.622896468178491,0.448759307377714,1.20559703542488,0.227972902837063
"128","statquo:tasknum4",0.195867087118141,0.260086251434105,0.214959100401108,0.911183042507427,0.362198937323567
"129","statquo:tasknumMISSING",0.502845402442723,1.33643744624843,0.941109423782885,0.534311302952939,0.593126173416028
"130","statquo:transityes",-0.0716370903914423,0.200270840927786,0.186377319793371,-0.384365922156534,0.700707254431121
"131","statquo:layofftemp",0.148480925809161,0.19577232118782,0.173340470803375,0.856585453593161,0.391674027718729
"132","mabscases:incloss",0.000480223981408262,0.000266047751023708,0.000239776110581585,2.00280161457062,0.0451985865076878
"133","mabscases:owncomcovid",0.00060194209168818,0.000615888728374516,0.000491408835781517,1.22493135625222,0.220601084924829
"134","mabscases:gendermale",-0.000382606579907857,0.000368198187089572,0.000322594072948718,-1.18603102781953,0.235610046454754
"135","mabscases:income15",-0.000584220845063682,0.000441676963412706,0.000390027768331703,-1.49789551539527,0.134160399034768
"136","mabscases:income40",0.000646852195436457,0.000556718971810892,0.000468066963262068,1.38196507381848,0.166982425355753
"137","mabscases:rulesjudgmentdnk",-0.000386474159508948,0.000450279542686279,0.000389046762297921,-0.993387420129709,0.320521189733344
"138","frule11:pziprural",-1.5028645273788,0.594648547126511,0.409224916184316,-3.67246584443531,0.000240221266332392
"139","frule12:pziprural",-0.74144769411784,0.518373489365268,0.385835235015617,-1.92166921740009,0.054647392948937
"140","frule12:y2020m4cases",0.00845149558068631,0.002757170241857,0.00223503917130121,3.78136351666981,0.000155971725324846
"141","frule12:demeanrp",0.0710609362597881,0.0960003704865606,0.0835322893240942,0.850700212274574,0.394935905246308
"142","frule11:ffcomcanc",-0.825855538572568,0.416559645513243,0.33685482480211,-2.45166605245369,0.014219656076475
"143","frule12:ffcomage",0.371001551710018,0.222367435307949,0.193118937572574,1.92110393922706,0.0547186050984548
"144","frule11:ffcompreg",1.80666898735348,0.686080519050127,0.536755361351223,3.36590766938105,0.000762922403582562
"145","frule11:larule6",-0.203275604867516,0.20424402872915,0.168922006982179,-1.20336958161384,0.22883333359368
"146","frule11:lirule3",-0.0367984624127269,0.289281552709194,0.23601000110176,-0.155919080720908,0.876096805009917
"147","frule11:lirule6",1.05511832888599,0.289095729045949,0.250902070808091,4.20529940421666,2.60736757503849e-05
"148","frule12:lirule9",-0.250086643748714,0.1935816821154,0.168940167052434,-1.48032672224773,0.138786075180885
"149","frule11:lirule10",-0.955221962073014,0.315000036867857,0.283490323743263,-3.36950464291011,0.000753034225309701
"150","frule12:owncomdiab",0.242414783452775,0.232489147553679,0.198765844455102,1.21959979652104,0.222616623596687
"151","frule11:owncomresp",0.747277596070916,0.284184155525308,0.229165349780152,3.26086643023394,0.00111072348848888
"152","frule11:owncomcanc",0.424323801186203,0.521505632311029,0.395100900761437,1.07396313288187,0.282839205494634
"153","frule11:vulnteens",1.31772002851686,0.421443477735795,0.338986992028182,3.88722888932359,0.000101395134947021
"154","frule12:vulnwomen",-0.0177132772196413,0.243743205929648,0.196667574315828,-0.0900670956117843,0.928233896814419
"155","frule12:vulnlowinc",0.317779556518128,0.192999472524358,0.158926304967165,1.99954033150008,0.0455499226108321
"156","frule11:vulnessent",0.272776695757709,0.243420616413516,0.190101529315652,1.43490005966643,0.151315578711657
"157","frule12:wrongexactnum",0.254880675703796,0.167657039094245,0.145099840702749,1.75658825309081,0.078988016671437
"158","frule11:wrongnopopup",-0.803349380562012,0.461659699462991,0.438668561123844,-1.83133566377284,0.0670504576141471
"159","frule11:pzipifinan",12.3195632957193,3.87250282609227,3.12389580720553,3.94365371191419,8.02495139042287e-05
"160","frule12:months2",-0.107227638379606,0.149386801865874,0.120542523642762,-0.889542006747632,0.373711857869987
"161","frule12:reject",-1.74143637691894,2328.22058337757,0.850015122599979,-2.04871222948638,0.0404902626428117
"162","frule12:y2020m7rdeaths",-0.0175677532849687,0.028242557725655,0.0216371258567838,-0.811926380668567,0.416833875993888
"163","frule12:y2020m10rdeaths",0.0508964968642707,0.05028554645252,0.0419933230436064,1.21201403402677,0.225507008565951
"164","frule11:agebin45to54",0.544297890027004,0.327662106988592,0.256820338327141,2.11937221784075,0.0340590227971491
"165","frule11:agebin55to64",0.247952317036298,0.301217301338631,0.255035006087664,0.972228561247267,0.330936854656128
"166","frule11:agebin75up",-0.305688027013264,0.454417654886366,0.349452236687682,-0.874763400889227,0.381702654971864
"167","frule12:income15",0.329476382898931,0.274969964950593,0.216438835276634,1.52226093102849,0.12794371325812
"168","frule11:income87.5",0.105994598979418,0.3507685518301,0.302252491414692,0.350682300361895,0.725826705575091
"169","frule12:income87.5",-0.00888542281909767,0.268234532660236,0.226567272432707,-0.0392175918599926,0.968716908149457
"170","frule12:countyfuture6to10",0.574800662712779,0.292290497125633,0.217104141910485,2.64758036237641,0.0081070088665006
"171","frule12:rulesjudgmentgood",0.0945373942177468,0.180899220262544,0.146825320487381,0.643876641330894,0.519655429981695
"172","frule12:prepjudgmentpoor",-0.280883769197283,0.202555024655335,0.169012721568464,-1.66190903614023,0.0965310146197092
"173","frule11:prepjudgmentreas",0.276710811341654,0.227876677943057,0.182349750005686,1.51747294050595,0.129147320347276
"174","frule12:ideologyMISSING",-0.452626817570021,0.3512736157687,0.256673632311909,-1.7634332498166,0.077827446048793
"175","frule11:ideologysconserv",-0.149994330446546,0.299512789753541,0.243349096519378,-0.616375127715346,0.537646965079346
"176","frule12:ideologysliberal",0.399227173840128,0.267759227558944,0.22594249429479,1.76694151795656,0.0772380229442716
"177","frule12:educationtradetech",1.34391841708371,0.528596984247845,0.412422502544617,3.25859624242574,0.00111964891722186
"178","frule12:tasknum2",-0.721394819360569,0.27337848298609,0.220630530543904,-3.26969625455809,0.00107663024213542
"179","frule12:tasknum3",-0.55996689115299,0.262752961684459,0.222756292941335,-2.51380952591298,0.0119434920098023
"180","frule11:tasknum4",0.121600358254353,0.347520802873188,0.27241828920192,0.44637369469794,0.655327331102999
"181","frule11:tasknum5",-0.506096682091188,0.238934772311727,0.193078774432651,-2.62119274155494,0.0087622707572032
"182","frule12:tasknum5",-0.632268357476635,0.259201231113421,0.207489358661328,-3.04723269451446,0.00230958842094347
"183","frule12:tasknum6",-0.355921687642149,0.287476528532401,0.247199202674966,-1.43981729629662,0.149919096387732
"184","frule11:tasknumMISSING",-1.54146174325054,0.984576301919827,0.701203502350333,-2.19830867655934,0.027927116518653
"185","frule12:tasknumMISSING",-0.93215515481248,0.702608766957211,0.440103153506263,-2.11803789040384,0.0341718588611526
"186","frule11:transitsome",-0.440985083886792,0.283357049959398,0.224271390330174,-1.96630111062124,0.0492638386146788
"187","frule11:transityes",0.417631566009147,0.273192365724383,0.222044010387781,1.8808504011425,0.0599922718008567
"188","frule12:layofftemp",0.178076686124182,0.146529145160035,0.119217328364587,1.49371478598811,0.13525018221012
"189","frule21:y2020m11deaths",0.119922554649424,0.0621523724305794,0.045296403955556,2.64750717887208,0.00810876380652972
"190","frule21:demeanrp",-0.10326849389062,0.102383573674252,0.079141837236965,-1.30485338091679,0.19194277817457
"191","frule22:ffcomheart",-0.302876662016006,0.312455526509034,0.232506766753335,-1.30265740754688,0.19269174927599
"192","frule23:ffcomresp",0.627020926789681,0.253667412620573,0.213747584503507,2.93346438625786,0.00335202107860246
"193","frule21:ffcomcanc",-0.79977482498627,0.41804825538833,0.332731543206126,-2.40366397871335,0.0162316854768419
"194","frule22:ffcomother",1.95026526431063,0.936697909297625,0.718879317669991,2.71292443164419,0.00666923134734964
"195","frule21:ffcomcovid",-0.234048688396443,0.328313453738603,0.278678579958712,-0.839851733244511,0.400991523032076
"196","frule22:ffcomcovid",0.613893217985816,0.374002162063803,0.269787863714292,2.27546639620504,0.022877966303085
"197","frule23:larule4",0.491398644228701,0.194236249260986,0.160788576526047,3.05617883338308,0.00224177503282382
"198","frule23:larule6",-0.395042713903085,0.198996487375866,0.167425578241894,-2.35951231616673,0.0182989734344951
"199","frule23:larule7",-0.214662145736897,0.189402616651411,0.158317718699501,-1.35589463706423,0.175132694109622
"200","frule23:larule8",-0.0388267154860708,0.166278493981226,0.152392094434356,-0.254781690810056,0.798891717321104
"201","frule22:lirule3",-0.600415188106679,0.2909664925284,0.233522042000443,-2.57112854513982,0.0101367693698646
"202","frule22:lirule4",-0.444700405779247,0.308518532250113,0.256833450732159,-1.73147385790882,0.0833672835623404
"203","frule22:lirule5",0.617515594038557,0.312251599782179,0.273580484660954,2.25716243906739,0.0239979264925026
"204","frule23:lirule8",-0.293212038008169,0.200948233045257,0.180169916599647,-1.6274195134347,0.103648029942669
"205","frule21:lirule9",-0.705194633253137,0.270503569089354,0.221928016414868,-3.17758273446134,0.00148508311892318
"206","frule22:owncomother",-0.542132429530545,0.46345227965254,0.36093686137072,-1.50201458358036,0.13309334253296
"207","frule23:owncompreg",-1.76239369182788,0.739601853062406,0.458955102194433,-3.84001328975587,0.000123027650283736
"208","frule22:owncomcovid",0.330460363638207,0.479455758970415,0.341064136849262,0.968909738476134,0.332590226123006
"209","frule23:R0subjrange",0.127336726060539,0.0664435917330879,0.0556310951136018,2.28894875789359,0.0220823298393675
"210","frule21:R0subjdnk",-0.347812333846234,0.22239880444827,0.181230876972028,-1.91916708486665,0.0549631916761864
"211","frule23:vulnchild",0.275043784881494,0.21377505513848,0.18751762854353,1.46676228265998,0.142440733329184
"212","frule23:vulnwomen",-0.208737245725439,0.270609247978694,0.229540784469618,-0.909368878422856,0.363155443783803
"213","frule21:vulnmen",0.596162003318886,0.298615545561569,0.252271049330798,2.3631804160657,0.0181188464717868
"214","frule21:vulnnonwhite",0.0648793629184445,0.231098898437522,0.183402716426902,0.353753554922416,0.723523583333828
"215","frule22:vulnrural",0.27714895104761,0.323382492831386,0.24356601185919,1.13788023596591,0.255170495097341
"216","frule21:wrongdaycare",-0.532874848330359,0.225153358042903,0.188203150621457,-2.83138112497468,0.00463474581816224
"217","frule22:wrongnopopup",0.506286336012247,0.447463172332111,0.361747221857634,1.39955832532004,0.16164562102424
"218","frule22:wronguneven",0.394746484669941,0.210656236764828,0.172943738646025,2.28251388434416,0.0224590187097698
"219","frule23:pziprasian",-0.599865753116591,0.625607613830078,0.547175434838204,-1.09629510925315,0.272949649005777
"220","frule21:pzipiagric",3.53998417255543,2.44528086676852,1.84884684907227,1.9146984372079,0.0555309730118674
"221","frule21:months2",-0.377593882021741,0.195526415091176,0.160734196549241,-2.34918200437867,0.0188147075311758
"222","frule21:y2020m5rcases",-0.00185799762743545,0.00156004084888737,0.00118258861523438,-1.57112761234152,0.116153009970735
"223","frule23:agebin35to44",0.249423475982313,0.20294574731895,0.177371820824715,1.40621816262912,0.159659352470145
"224","frule22:income22.5",-0.616262309135218,0.451203637506243,0.340505276982654,-1.80984657446766,0.0703195830566029
"225","frule21:income27.5",0.645376470656482,0.371350539053952,0.313299998440225,2.05993129227421,0.0394051096837767
"226","frule22:income27.5",-0.614739407016198,0.389452051586475,0.294547478059973,-2.08706389565838,0.0368823591386248
"227","frule21:income40",0.311040405900785,0.327487181533624,0.266103507821615,1.16886999516479,0.24245601404026
"228","frule22:income225",-0.0422919401695209,0.356161676158906,0.285856163435004,-0.147948323595048,0.882383551096904
"229","frule22:countyfuture6to10",1.23609944686974,0.353040153762059,0.278762375169168,4.43424061844646,9.23973863848515e-06
"230","frule22:countyfutureuncer",0.552054565446289,0.224132012117585,0.166613619510975,3.31338198561808,0.000921749972043362
"231","frule21:countypast3to5",0.227102659425944,0.303839092081273,0.253594998960697,0.895532878631968,0.370502298184509
"232","frule22:employmentfull",0.401270073723505,0.2220425989363,0.181687597885473,2.20857162730748,0.0272044506358064
"233","frule23:employmentMISSING",-0.507389859472792,0.503000620559777,0.39586335737273,-1.28172979393759,0.199937449572794
"234","frule23:employmentnotlook",-0.644727883247369,0.386083050612401,0.273933617820725,-2.35359167807329,0.0185930223546002
"235","frule22:employmentself",-0.383526472162022,0.344499455751904,0.294062557809752,-1.30423429292943,0.192153710796319
"236","frule23:employmentstupart",-0.527567107163242,0.581916369312554,0.420067629897781,-1.25590992881699,0.20914862833484
"237","frule22:rulesjudgmentdnk",-0.0839173352859136,0.498154356277516,0.403694396393657,-0.207873421171005,0.83532780267808
"238","frule22:rulesjudgmentgood",0.448877436764626,0.249870763384791,0.200026971054966,2.24408455718343,0.0248269613722455
"239","frule22:rulesjudgmentinsuff",0.607041166450059,0.304280065961981,0.245778140994545,2.46987451363111,0.0135160455632859
"240","frule23:prepjudgmentover",0.200207889871723,0.249578354531102,0.197538874038264,1.0135113447743,0.310815980067491
"241","frule21:prepjudgmentreas",0.243814805407816,0.218048657918734,0.180194099034421,1.35306764602343,0.176034020578355
"242","frule22:prepjudgmentreas",0.154296946724397,0.207818185351121,0.171971364176957,0.897224648201472,0.369599055272467
"243","frule21:ideologyMISSING",1.6992632601933,0.566901851823498,0.395859845827978,4.29258809172507,1.76602447888357e-05
"244","frule21:ideologymliberal",0.5258175390665,0.308224471657309,0.247307777212764,2.12616661308685,0.0334893889855698
"245","frule22:ideologysliberal",0.201093347571822,0.330421167360846,0.267029925846626,0.753074199209131,0.451405327583825
"246","frule23:ideologysliberal",0.0254608208800112,0.294835228835495,0.239888601818509,0.10613601766404,0.915474434563203
"247","frule23:educationsomecoll",-0.0320084721678331,0.198680751500071,0.16157259285596,-0.198105827244899,0.842962265708814
"248","frule22:tasknum3",-0.751596757151745,0.28395470177433,0.238220302132603,-3.15504913067139,0.00160471080100545
"249","frule23:tasknum3",-0.533296780717728,0.259416285311143,0.217675319085803,-2.44996439172561,0.0142870342800853
"250","frule22:tasknum5",-0.337332380659071,0.221082846379761,0.182584035228962,-1.84754587243104,0.0646680661933245
"251","frule21:tasknum6",0.284769677073794,0.308075864341804,0.256460265329496,1.11038517685352,0.266833082972761
"252","frule21:tasknumMISSING",-0.0279716857036209,0.756968306018516,0.5317456821302,-0.0526035032227529,0.958047825669304
"253","frule21:transitsome",-0.641665032268167,0.264364262928955,0.205649941750846,-3.12018095801638,0.00180739969857379
"254","frule22:transityes",0.307064643159808,0.270404856205501,0.232412997042231,1.32120254489904,0.186433838000284
"255","frule31:pziprural",0.212341346530274,0.613075043362045,0.425012419900483,0.499612097406457,0.617348238040889
"256","frule32:demeanrp",0.0342290665357165,0.10842542423598,0.0765897971713176,0.446914181782624,0.654937023959933
"257","frule32:ffcomcanc",-0.342341235888153,0.435623628953648,0.335615391204815,-1.02004033444114,0.307709331969446
"258","frule31:ffcomage",0.303176186495169,0.271760697131324,0.226590626631929,1.33799085602797,0.180899417577241
"259","frule31:ffcomcovid",-0.854951548162053,0.33817468851283,0.265945902619565,-3.21475736133095,0.00130554825082485
"260","frule32:ffcomcovid",-0.886661051118918,0.355239871801233,0.272689659318448,-3.2515389594714,0.00114782043394683
"261","frule32:incloss",0.607195449862729,0.248798871977061,0.206517606067205,2.94016312422842,0.00328039495858589
"262","frule33:incloss",-0.685824557774719,0.207863112493081,0.1777523494031,-3.8583150100561,0.000114171435286183
"263","frule32:larule3",-0.206153268550063,0.214821057037526,0.176281758995337,-1.16945320789269,0.242221083186384
"264","frule31:larule8",0.268012060988961,0.196861953210486,0.164061501913782,1.63360726229245,0.102341341950079
"265","frule32:lirule4",-0.823470008018681,0.316018749767608,0.253593244057829,-3.24720798883308,0.00116543188101588
"266","frule31:lirule7",-0.508578680167308,0.257558207695755,0.230147632896732,-2.2097932260529,0.0271195160723455
"267","frule32:lirule7",0.162745900957288,0.348356137594729,0.286101869635337,0.568838998377475,0.569465406283893
"268","frule32:lirule8",0.428925036602428,0.308804162690685,0.26658982824113,1.60893249165706,0.107631103881038
"269","frule31:lirule9",-0.121294950172616,0.332176792264984,0.280475606555117,-0.432461673449596,0.665405902176397
"270","frule32:lirule9",0.994684387990924,0.350017958479218,0.283825652431833,3.50456126663822,0.000457360318644165
"271","frule31:lirule10",0.583487193520971,0.303332930486619,0.259323450139389,2.25003636658136,0.0244466368792733
"272","frule33:owncomdiab",0.398489446313462,0.237152108513131,0.193542132936511,2.05892866978055,0.0395010721558991
"273","frule33:owncomresp",-0.497899237225712,0.208647364769687,0.194417785187438,-2.56097577053297,0.0104378635485532
"274","frule32:owncompreg",-0.527602718542227,0.952123495892153,0.517279335976963,-1.01995707511835,0.307748818913085
"275","frule32:R0subjmean",-0.00251889475766061,0.0342090055994508,0.0282459886004335,-0.0891770790285581,0.928941181074833
"276","frule32:R0subjdnk",-0.397502562082307,0.284737644870231,0.237023036917036,-1.67706298616638,0.093530165757755
"277","frule32:vulnteens",-0.764243940152583,0.392798396705157,0.316288303158266,-2.41628897597951,0.0156796119131567
"278","frule33:vulnwomen",-0.351587711628874,0.268142574476688,0.220179839158548,-1.59682063976666,0.110305693793094
"279","frule31:vulnlowinc",-0.592212362078038,0.234026912586454,0.18839543104082,-3.14345395111903,0.00166966683915948
"280","frule32:vulnlowinc",0.449280635512134,0.260287776478529,0.204116161521601,2.20110270623812,0.0277287537550684
"281","frule32:vulnnosci",-0.906955083787779,0.353535786793493,0.275464716742987,-3.29245463633727,0.000993169186119669
"282","frule32:wrongexactnum",0.0792646403270543,0.22093640008322,0.183553337700257,0.431834372069517,0.665861795923838
"283","frule31:pzipiagric",3.13411315117898,2.79848564069928,2.07842224410061,1.50792898799791,0.131572702599408
"284","frule31:pzipitransp",0.143546637295504,3.44291883364419,2.65382662494595,0.0540904352779368,0.956863112635354
"285","frule32:y2020m2rcases",1.06397089163442,3.06997035126408,2.16020932078139,0.492531386379523,0.622343739583852
"286","frule31:y2020m8rcases",-0.000102158852729073,0.00101787633233167,0.000754696968918711,-0.135364069204413,0.892324031236344
"287","frule32:y2020m2rdeaths",-32.4208472817788,19.8016588687402,13.7624504976514,-2.35574669549668,0.0184855181322221
"288","frule33:y2020m8rdeaths",0.0827985194063938,0.0308767117756965,0.0241275531875828,3.43169979826242,0.000599811119974881
"289","frule31:y2020m9rdeaths",-0.0183534890199758,0.0651928756258742,0.0469942665749032,-0.390547408389118,0.696131806081758
"290","frule31:agebin35to44",-0.225371237202306,0.260943268916912,0.215617091711061,-1.04523827593555,0.295912857191643
"291","frule31:agebin45to54",0.224887860313478,0.347090466007775,0.261428126598882,0.860228251792244,0.389663234135211
"292","frule32:agebin45to54",0.528277375245881,0.33861674979349,0.254739310736621,2.07379604552701,0.0380982565969271
"293","frule33:income15",0.0163100610143596,0.33515862964979,0.289332196557988,0.0563714001013046,0.955045940127937
"294","frule31:income137.5",-0.277120046112784,0.352225035286011,0.29556635875453,-0.93758994521746,0.348455180573872
"295","frule32:income162.5",-0.752116618782815,0.505536151232649,0.414000551618028,-1.81670438805778,0.0692623894908739
"296","frule33:income162.5",0.220113038605274,0.49161639886013,0.418912385548304,0.525439319052774,0.599277826262747
"297","frule32:countypast10up",0.586810147566567,0.256375506839259,0.206578399149085,2.840617169964,0.00450263288126032
"298","frule31:countypast3to5",0.308328786699204,0.285395228755858,0.2408343292636,1.28025264355784,0.200456296834305
"299","frule32:countypast6to10",-0.539764373784949,0.320087578034028,0.26690773189718,-2.0222882639941,0.0431465803496924
"300","frule31:employmentfull",0.0471690220447982,0.221515654649258,0.180883549292953,0.260770104463203,0.794269800153989
"301","frule32:employmentstupart",1.23955209907916,1.14734263925188,0.760552173273868,1.62980547901585,0.103142615442466
"302","frule31:rulesjudgmentdnk",0.987632251604944,0.500610578526532,0.370930027070907,2.66258372071924,0.00775432771120193
"303","frule31:rulesjudgmentinsuff",0.526498963218406,0.277415544245626,0.232773622330981,2.26184976607777,0.0237066869038829
"304","frule33:rulesjudgmentinsuff",0.0178169888358837,0.281548970918939,0.232630433306622,0.0765892432156535,0.93895031648782
"305","frule33:prepjudgmentover",0.0968037347115364,0.258586820105282,0.208337002965176,0.464649742166624,0.642182304577943
"306","frule32:ideologymliberal",0.918516222103665,0.309609258736748,0.250281491643799,3.66993266689852,0.000242614366659391
"307","frule31:ideologysliberal",0.614588092042059,0.322561809054294,0.307345930572271,1.99966237033856,0.0455367341111952
"308","frule32:educationdoctoral",1.80580863655195,0.55203416080564,0.410925692534776,4.39448948887303,1.11033375720164e-05
"309","frule31:educationeducpnts",-1.9163127401433,1.48021742855439,1.17577461313797,-1.62983000205196,0.103137430967176
"310","frule33:educationhischgrad",0.570248313906497,0.23164517386463,0.211825062299102,2.69207197541758,0.00710096186930669
"311","frule33:educationsomecoll",-0.289291729649763,0.213273350905559,0.170807911750547,-1.69366703617485,0.0903285717273452
"312","frule32:tasknum3",-1.19063319570457,0.256609997260092,0.21737995330701,-5.47719869100816,4.32111927772943e-08
"313","frule33:tasknum6",0.49884392424898,0.310584442496004,0.245156252007916,2.03479992928295,0.0418710082022102
"314","frule31:tasknumMISSING",-0.757739819102435,0.717008046398691,0.502434318392114,-1.50813706660673,0.131519450204454
"315","frule32:tasknumMISSING",-0.724189529348916,0.745008078974712,0.498695954895499,-1.45216643977124,0.146455331746346
"316","frule31:transityes",-0.0871607187502843,0.274409141539291,0.229905482969274,-0.379115441809333,0.704602139840956
"317","frule41:y2020m5deaths",0.0440334078546634,0.05217847230416,0.0449185748693354,0.980293964863157,0.32694103292079
"318","frule42:ffcomheart",0.229763037847639,0.340023042255871,0.268058613358838,0.857137306534024,0.391369005527843
"319","frule41:ffcomother",0.927297536520133,1.36629835164507,0.966850921418222,0.959090502970128,0.337513154320456
"320","frule43:larule2",-0.10806391087224,0.186035004347837,0.158027230797159,-0.683830946901477,0.494081922378539
"321","frule42:larule4",0.1337001266541,0.226023921472071,0.198284030662961,0.674285902939713,0.500129564670969
"322","frule41:larule7",0.323804959871494,0.201906101986634,0.168330943224422,1.92362113387431,0.0544020900385139
"323","frule41:larule9",0.0823521838697451,0.20443087293109,0.164869948971714,0.499497842896004,0.617428706039343
"324","frule43:larule10",0.149238285247516,0.211857185064898,0.177927288544361,0.838759959017237,0.40160402420926
"325","frule42:lirule3",-0.166448867694092,0.300878337805095,0.269274708082505,-0.618137770455193,0.536484526473595
"326","frule42:lirule4",-0.0834056457167349,0.313076853409997,0.28548001634336,-0.292159313933971,0.770164817915344
"327","frule43:lirule4",0.76289494244477,0.222355490294987,0.215123224960639,3.54631603623624,0.000390657394834537
"328","frule42:lirule5",0.52700022257346,0.333917843616285,0.314841935441943,1.67385650781784,0.0941588035638245
"329","frule43:lirule5",-0.33889666492181,0.230444140505717,0.216480926439125,-1.5654804813352,0.117470290524306
"330","frule41:lirule9",-0.261692128888935,0.295168072995291,0.242556297179629,-1.0788923311075,0.28063572793778
"331","frule42:owncomdiab",0.606955112702579,0.278457525474827,0.2467669107774,2.45962925414296,0.0139080606427202
"332","frule42:owncompreg",-0.233031936079008,0.95093210780221,0.494283771640044,-0.47145374671275,0.637316742393205
"333","frule41:R0subjrange",-0.0452599671092824,0.090274636938125,0.0743069466216125,-0.609094696620442,0.542461672640775
"334","frule41:vulnseniors",-0.0942776029088534,0.239702520546746,0.200190996264343,-0.470938277285778,0.637684812634138
"335","frule43:vulnwomen",-0.237444162702289,0.263255886767152,0.2170090190565,-1.09416725505067,0.27388162993108
"336","frule41:vulnmen",0.32685520122077,0.27161127599334,0.22651282819495,1.4429875951196,0.149023965705072
"337","frule42:vulnnoneng",0.374566287193483,0.344719351424914,0.313919655379096,1.19319157235041,0.232794354499109
"338","frule41:wrongpetstores",-0.204726825467095,0.25644859726625,0.216431710982121,-0.945918805234633,0.344190001090322
"339","frule41:wrongdaycare",-0.636647852980352,0.221158761429564,0.182525567595982,-3.48799273091189,0.000486661309566081
"340","frule43:wrongnopopup",0.636014155864959,0.339842485059497,0.317518046205517,2.0030803397338,0.0451686658661021
"341","frule43:wrongsamecost",0.209790717687506,0.191098239300203,0.166662619386807,1.2587748738102,0.20811165829322
"342","frule43:pziprasian",-1.32653345594173,0.661833115680388,0.579380224226335,-2.28957323787344,0.022046067851399
"343","frule42:pzipiagric",4.5503724656391,2.16803770843577,1.56030679080815,2.91633189860199,0.00354173519225628
"344","frule41:pzipifinan",5.12810672913843,3.90880587019139,3.34272155891476,1.53411124401379,0.125002287601033
"345","frule41:pzipiedserv",2.28361012731923,1.61716055798548,1.31866125809236,1.73176402454017,0.0833155859330989
"346","frule43:months2",-0.254222170662392,0.168256134304406,0.142495945790845,-1.78406599044957,0.0744129427937066
"347","frule41:months3",-0.314596456977609,0.225201905527409,0.184871875360006,-1.70169992793651,0.0888116339418841
"348","frule41:reject",-4.14112477965112,4768.60255072934,1.26236125417401,-3.28045935025212,0.00103638198171782
"349","frule42:reject",-10.0392385362512,3476.56394938024,1.68671557789673,-5.95194511025372,2.64974248586921e-09
"350","frule41:y2020m7rcases",-0.00218201501900486,0.000700102136866694,0.000549645850454755,-3.96985625780591,7.19160040906337e-05
"351","frule42:genderMISSING",13.870491839246,5819.35161747056,1.56676459211706,8.8529520701663,8.52342732143193e-19
"352","frule41:agebin25to34",0.383648481630502,0.279925394361148,0.230676703417105,1.66314359424842,0.0962836953076957
"353","frule41:agebin35to44",0.251479057777183,0.284530169976762,0.238345964375748,1.05510096819064,0.291379149289206
"354","frule41:agebin55to64",-0.179012651922286,0.324319876210993,0.262370426244634,-0.682289747684349,0.495055754550092
"355","frule41:agebin65to74",0.415685660711002,0.313708192795417,0.250651045702367,1.65842380408261,0.0972319552380198
"356","frule42:income15",0.460695404245526,0.337487969634845,0.301445535563473,1.52828736834459,0.126441204752517
"357","frule42:income27.5",-0.728120348216293,0.373375406631344,0.329775107386646,-2.20792998594222,0.027249154163949
"358","frule42:income87.5",-0.380750627256544,0.30699504874463,0.248183694795187,-1.53414843618457,0.124993139651671
"359","frule41:income187.5",0.427028096082539,0.547662713022673,0.5455019746284,0.782816774171045,0.433734715776838
"360","frule43:countyfuture6to10",0.66178706760589,0.315711537555654,0.236512573279892,2.79810522725455,0.00514033631734171
"361","frule42:employmentnotlook",1.47872908399034,0.681911412659499,0.448039612030008,3.30044273828918,0.000965324104080059
"362","frule41:employmentpart",-0.616804138968466,0.353126161984351,0.271705563031618,-2.27011965484376,0.0232003241014596
"363","frule43:employmentretired",0.301032249155452,0.227779926242568,0.200101267207425,1.50439951408904,0.132478529324172
"364","frule42:employmentself",0.739737457314163,0.359431514928595,0.306300956315011,2.4150674102153,0.0157322977732358
"365","frule43:employmentself",-0.338813523968395,0.286938755477669,0.274998290911112,-1.23205683513833,0.217927854096468
"366","frule43:rulesjudgmentgood",0.316968429999215,0.206748505974179,0.168047004765139,1.88618910787614,0.0592694757767884
"367","frule41:rulesjudgmentinsuff",0.823547876534078,0.271745678367548,0.224725232600838,3.66468805929275,0.000247640223577721
"368","frule41:prepjudgmentover",0.787822734867414,0.327815501396704,0.274776541343458,2.86713971656944,0.00414200110685087
"369","frule43:prepjudgmentpoor",0.233980515361778,0.205551592403046,0.167487227444364,1.39700512649242,0.162412029517414
"370","frule41:ideologysconserv",-1.29602825862433,0.306644823686495,0.247957243640412,-5.2268215261492,1.72448811981539e-07
"371","frule43:ideologysliberal",0.222762218302134,0.278664045968984,0.242948388189496,0.916911694546345,0.359188915337038
"372","frule41:educationmasters",0.314666409400026,0.251231267575198,0.220005474250306,1.43026627165659,0.152640611233349
"373","frule41:educationsomecoll",-0.144341811028633,0.245348579313478,0.191649841262901,-0.753153825108722,0.451357483010503
"374","frule41:tasknum3",-0.0996921955274564,0.263765330807494,0.212896584083811,-0.468265829423598,0.639594501298577
"375","frule42:tasknum3",0.884217482112174,0.289239009535351,0.255715789346126,3.45781339655697,0.000544578439049239
"376","frule42:tasknum4",-0.0524851688693689,0.361253622868864,0.282739369399318,-0.185630918611985,0.852734205412924
"377","frule42:tasknum5",-0.0115558913052476,0.257317753701698,0.209416785479007,-0.0551813040144576,0.955994023473732
"378","frule43:tasknum5",0.127105587827557,0.235524932942646,0.194081557640914,0.654908118898781,0.512526912637181
"379","frule41:tasknum6",0.133312529500574,0.32750854649587,0.266724227485114,0.499814099219816,0.617205981972781
"380","frule41:transityes",0.0346848237100857,0.278423416953474,0.23608084194626,0.146919264706711,0.883195745890728
"381","frule42:layofftemp",0.5499172917119,0.182428537866381,0.158663989760148,3.46592375839792,0.000528413098277234
"382","frule43:layofftemp",0.13744150821382,0.175222983516146,0.140483505304696,0.978346233002383,0.327903110930981
"383","frule41:layoffperm",0.359600827237279,0.161417200893082,0.129686335101881,2.77285056251131,0.00555676318575448
"384","frule52:ffcomdiab",0.113533662233334,0.244259843471404,0.19399679386297,0.585234734928295,0.558389892147867
"385","frule53:ffcomcanc",-0.963603497331255,0.35250349149531,0.275593153770477,-3.49647109932845,0.000471455560088645
"386","frule51:ffcomother",1.94625792606283,1.26210356857643,0.954142441773977,2.0397980855398,0.0413704405900953
"387","frule53:ffcomother",1.49255287396878,0.826060935698715,0.590995262088172,2.5254904221992,0.0115536930770727
"388","frule51:ffcomnovax",-0.288616211738843,0.200112579552491,0.175265841057991,-1.64673395566765,0.0996127415936473
"389","frule51:larule3",0.311767457469362,0.209612026022585,0.173565329498268,1.79625423101837,0.0724540933515652
"390","frule53:larule6",-0.318059901363836,0.177103745513946,0.146407953385147,-2.17242228997719,0.0298238252439117
"391","frule52:larule10",0.311388153318482,0.218799927226805,0.172113582165483,1.80920151333025,0.0704197026247346
"392","frule52:lirule1",-0.28574515974421,0.223554871187415,0.183307819151635,-1.5588269014746,0.119037355239164
"393","frule53:lirule8",-0.0970454968313668,0.190257131238676,0.172638338294284,-0.562131782489357,0.574026235506181
"394","frule53:owncomheart",0.268377480538148,0.291889682175025,0.245322983712953,1.09397609826958,0.273965461207563
"395","frule51:owncomdiab",0.336192353242334,0.283744085131277,0.251259820090822,1.3380267211877,0.180887726321014
"396","frule52:owncomresp",-0.517332698377399,0.304733782001162,0.261796805727244,-1.97608483778212,0.0481451693782111
"397","frule53:owncomcanc",0.698895445294611,0.38996290870577,0.322361901457445,2.16804604432101,0.0301551834279618
"398","frule53:owncomage",0.113632927175839,0.22883234761505,0.215534346360077,0.527214938569472,0.598044335936241
"399","frule53:owncomother",-0.269664830395242,0.493210711898889,0.360690541978581,-0.747634880903686,0.454680419328396
"400","frule51:owncompreg",-0.0158968825465272,0.827448478617127,0.627213832542484,-0.0253452359015862,0.979779592474935
"401","frule51:owncomcovid",-1.04172597020623,0.449020507964961,0.352838518830433,-2.95241566498826,0.00315298184179768
"402","frule52:owncomcovid",0.5473985250832,0.465426889229301,0.359047140374024,1.52458678410018,0.127362195806175
"403","frule51:vulnwomen",-0.5120662203705,0.28913076011614,0.234272076510161,-2.18577573562545,0.0288320168127025
"404","frule52:vulnmen",0.22412563950711,0.2839075139135,0.23948325711036,0.935871852635722,0.349339171001522
"405","frule52:vulnnoneng",0.437633123125045,0.318037303698577,0.241265670479458,1.81390548541512,0.0696922780868169
"406","frule51:vulnessent",0.190816911003608,0.237766496734888,0.209271501818627,0.911815079193092,0.361866071054484
"407","frule51:wrongexactnum",0.16063027538024,0.222771001552641,0.191180661364659,0.840201483945353,0.400795426526849
"408","frule51:wrongdaycare",-0.230151156864126,0.220064274315675,0.189699025038669,-1.21324375187069,0.225036641073574
"409","frule51:wronguneven",0.886058679037157,0.24027503304211,0.211101971458565,4.19730177276469,2.70113904015454e-05
"410","frule52:pziprblack",-2.23577788422571,1.41317537955834,1.20173287832047,-1.8604616088647,0.0628202452071922
"411","frule53:pziprothrace3",-0.520929682735698,0.796435382138966,0.731172368168051,-0.712458108942062,0.476181143190848
"412","frule53:pziphealthinsno",-0.615341932176089,1.92253026852659,1.94243972843419,-0.316788172713146,0.751404339170881
"413","frule52:reject",3.66133370181908,4146.97216094016,1.07287021877086,3.41265293579843,0.000643338173890061
"414","frule53:y2020m8rdeaths",0.0153209019100343,0.0304802732592627,0.0233327871819872,0.656625451153214,0.511421779724136
"415","frule51:y2020m9rdeaths",-0.103100341324581,0.051120281819352,0.0409961121615372,-2.51488094574272,0.0119072585530757
"416","frule53:genderMISSING",17.5088783477664,5479.9266996171,1.30306754312117,13.4366621593753,3.68695669825137e-41
"417","frule51:agebin25to34",-0.340607835007381,0.266445090268685,0.231019197416002,-1.47437026367138,0.140381926309049
"418","frule52:agebin25to34",0.329709764893026,0.240284800775702,0.19995848623164,1.64889108287746,0.0991699502946949
"419","frule53:income162.5",-0.132912129069977,0.447281848137422,0.33940157003515,-0.391607290019938,0.695348400635716
"420","frule52:income225",0.928531857468228,0.374467557202525,0.297179137281709,3.12448533891541,0.00178116397825429
"421","frule53:countyfuture3to5",0.419782991229726,0.198669978034184,0.170237906300795,2.46586086701518,0.0136684415155954
"422","frule51:countypast6to10",0.373483698112244,0.266792384823942,0.228243759414851,1.63633695427093,0.101769086019271
"423","frule51:employmentpart",-0.0503346408166173,0.372413569663945,0.308386442269717,-0.163219369976694,0.870345715677878
"424","frule51:employmentself",-0.660621117085434,0.35775475994618,0.29948691683565,-2.20584299329498,0.0273949948368999
"425","frule52:employmentstufull",-1.43289023254275,0.512714420300289,0.410101053490551,-3.49399305450884,0.000475853397974392
"426","frule51:employmentstupart",1.27032734443756,0.782746979370575,0.549488861847948,2.31183456597356,0.0207868017680386
"427","frule53:rulesjudgmentinsuff",0.659521184396065,0.255707042249976,0.21557552437562,3.05935094582867,0.00221817136491863
"428","frule51:prepjudgmentover",-0.708843407674349,0.311583002041765,0.264374984335523,-2.68120453777405,0.00733576628857886
"429","frule53:prepjudgmentpoor",-0.435697287782384,0.198180493335888,0.164402454013549,-2.6501872517455,0.00804471701539904
"430","frule53:ideologysconserv",-0.244607470672115,0.255985623744543,0.204056809674707,-1.1987224100095,0.230635901172015
"431","frule52:educationdoctoral",1.3199389657131,0.571403850497458,0.414897774337069,3.18135947540841,0.00146585617660948
"432","frule51:tasknum3",-0.653400681617108,0.252314831539723,0.217857483594338,-2.99921155260277,0.00270679289291234
"433","frule52:tasknum5",-0.19073083687518,0.238359427580907,0.184147897588233,-1.03574810993317,0.300319671370421
"434","frule53:tasknum5",-0.686035803585988,0.218152284879244,0.172116128531767,-3.98588911706416,6.72279037886344e-05
"435","frule52:tasknum6",0.110351065354553,0.310187847921993,0.234146632842817,0.471290421795779,0.637433354651311
"436","frule52:tasknumMISSING",-0.694285023263385,0.746414347469898,0.517344937972855,-1.34201568876627,0.179590908796306
"437","frule51:transityes",0.436570724501777,0.294278147740945,0.240851980326549,1.81261006826629,0.0698919838241166
"438","frule53:layoffperm",0.271868513678781,0.110829360605223,0.0975854405768349,2.78595364299987,0.00533705035803833
"439","frule63:pziprural",-0.15658112936026,0.570873387594943,0.449151371470172,-0.348615498707562,0.727377990594926
"440","frule63:demeanrp",0.0920158134714017,0.10266517505607,0.0878952816628269,1.0468800114252,0.295154921927422
"441","frule63:ffcomheart",0.088146826365727,0.2905706394994,0.231807849497798,0.380258160181778,0.703753790247316
"442","frule62:ffcomdiab",0.555249347792982,0.246108818388638,0.190915609166454,2.90834966411194,0.00363341826415267
"443","frule61:ffcompreg",-0.718458189767563,0.6495447021564,0.502417780007447,-1.43000152135721,0.152716582430588
"444","frule62:ffcompreg",1.29539130040454,0.622092672201663,0.406006671729987,3.19056653646824,0.00141994140878655
"445","frule63:ffcomcovid",0.761401953643558,0.249786942131797,0.223513616213014,3.40651261674332,0.000657985092336294
"446","frule62:ffcomnovax",-0.244180909587616,0.198040725755732,0.164369882209561,-1.48555748963974,0.137396206364777
"447","frule63:larule2",-0.516548631452242,0.182124120864598,0.153144897977108,-3.37294051761002,0.000743700168642446
"448","frule61:larule5",-0.207653113131105,0.215997566441433,0.173315250702766,-1.19812372130614,0.230868855286552
"449","frule61:larule6",-0.118360502410139,0.228673911798985,0.185531851445965,-0.637952467394048,0.523504622189281
"450","frule62:larule6",-0.446046508147395,0.2104858888604,0.173420948478321,-2.57204514253452,0.0101099708213576
"451","frule61:larule8",-0.49106602085319,0.209472127444577,0.167302694740615,-2.93519492686317,0.00333338212896786
"452","frule61:lirule4",-0.196005394556617,0.251736475282787,0.207417898887439,-0.944978208765797,0.344670001241613
"453","frule62:lirule4",-0.299696778978822,0.286811535803376,0.247525353615798,-1.21077204658398,0.225982781295043
"454","frule62:lirule10",-0.0139815583504651,0.290100507545286,0.254116338824948,-0.0550203045389245,0.956122287610269
"455","frule61:owncomdiab",0.283118687326204,0.279773214739083,0.226399865757539,1.2505249787975,0.211107836457564
"456","frule61:R0subjmean",0.0551837857489786,0.03356613539084,0.0284531290604288,1.93946281380087,0.0524450083276764
"457","frule61:R0subjdnk",0.0567072197105263,0.269988097844493,0.223609697691475,0.253599107265768,0.799805286389778
"458","frule62:R0subjdnk",-0.0807497066346365,0.222082572105949,0.178350378110367,-0.452758819410335,0.650722419822618
"459","frule62:vulnwomen",-0.0948916234281205,0.273371925753205,0.227102963355566,-0.417835249818173,0.676067576455175
"460","frule61:vulnrural",-0.511385478418273,0.353091740205991,0.287718196355422,-1.7773831648331,0.0755052187701423
"461","frule63:vulnrural",0.0608596062517857,0.318397004118396,0.24008114345693,0.253495986296415,0.799884962375063
"462","frule62:vulnnosci",-0.997066990769633,0.329526100555279,0.276339836519876,-3.60811891374886,0.000308425129247805
"463","frule62:pziprblack",0.711286799599411,1.35648756942778,1.02483690874006,0.694048773549607,0.48765162232451
"464","frule63:pzipifinan",6.58038761405384,3.36921573799092,2.65497588636957,2.47851125422156,0.0131931948926675
"465","frule62:months2",-0.0628275638212635,0.191779687433827,0.153022810379776,-0.410576460237113,0.681383127448327
"466","frule63:y2020m12rcases",-0.000248584357875287,0.000144981294699539,0.000117933582275195,-2.10783352018615,0.0350453922836365
"467","frule61:agebin55to64",-0.253517777270886,0.300175949839599,0.244572638098787,-1.03657457040835,0.299934169678379
"468","frule61:agebin65to74",0.09344911651369,0.270503438297472,0.217656776204552,0.429341636604355,0.667674620393697
"469","frule61:income40",0.454296981076809,0.321438068751794,0.260651596875518,1.74292805615833,0.0813461825516575
"470","frule62:income40",0.442502283825274,0.293396427880795,0.243341295261834,1.81844303635001,0.0689964456705693
"471","frule62:income162.5",-0.670258630115104,0.592004317991643,0.551252654579707,-1.21588281624899,0.224029564903026
"472","frule62:income225",0.94112070344764,0.368301527696721,0.289656139086793,3.24909634718855,0.00115772258443553
"473","frule61:countyfutureuncer",0.476859824283625,0.225900271472178,0.182269021340812,2.61624175504833,0.00889035865717221
"474","frule62:countypast3to5",0.631566368183241,0.277789879970243,0.225625828761567,2.79917583749091,0.00512332296209824
"475","frule62:employmentlook",0.656046360893657,0.385105045629491,0.323188033114968,2.02992157404628,0.0423645117458389
"476","frule61:employmentpart",0.225017019609844,0.401477505642206,0.317762063265226,0.708130534204234,0.47886419941639
"477","frule62:employmentstufull",0.792922833958866,0.632493206941993,0.47149343141741,1.6817261516776,0.0926219544871775
"478","frule62:employmentstupart",2.27592776744568,0.857725732209682,0.620915295116298,3.66544001306876,0.000246913684784791
"479","frule61:rulesjudgmentdnk",0.326167519939731,0.511359395496725,0.364666814103113,0.89442610987767,0.371093947748254
"480","frule61:rulesjudgmentgood",0.327404266217319,0.240463356450008,0.197690085848841,1.65614914279343,0.0976916194425687
"481","frule61:rulesjudgmentinsuff",0.361063885251598,0.298664091474846,0.246761929090557,1.46320741851185,0.143410631484867
"482","frule61:ideologyMISSING",1.2601939766545,0.501688077634812,0.354334432290456,3.5565100701856,0.000375814081074471
"483","frule63:ideologyMISSING",-0.279708660239834,0.398956234663441,0.325366692273887,-0.859672077326161,0.389969830936699
"484","frule61:ideologymliberal",0.545949123983336,0.284442053749382,0.246677767900641,2.21320765397569,0.0268833326590268
"485","frule61:educationdoctoral",1.02563356644064,0.472492378449866,0.388959625476594,2.63686382663476,0.00836764145127137
"486","frule62:educationlthighsch",-0.890445539831703,0.791455356439245,0.57482235335873,-1.54907952801203,0.121362603498554
"487","frule63:educationsomecoll",-0.251587214563395,0.205724943973619,0.161359231713718,-1.55917459380172,0.118955062328794
"488","frule61:educationtradetech",0.955904573409609,0.678423790786785,0.421345905264456,2.26869316033732,0.0232869918302373
"489","frule62:educationtradetech",0.412218795891835,0.618584870492363,0.546862127006314,0.753789256075281,0.450975776347767
"490","frule61:tasknum3",-0.199096264727128,0.315263756651044,0.265312059735709,-0.750422973329814,0.452999998958807
"491","frule62:tasknum3",0.0945864921400841,0.253069947707139,0.213438502451721,0.443155714894877,0.657653108278527
"492","frule61:tasknum4",-0.823216012580745,0.380642031659046,0.284521864846946,-2.89333128413024,0.0038117901584226
"493","frule61:tasknum5",-0.474493988738917,0.274034982937493,0.213185094351574,-2.22573717070672,0.0260317914355145
"494","frule61:tasknum6",0.00949641419878109,0.352576029455403,0.282359320271163,0.0336323737770059,0.973170306323431
"495","frule61:tasknumMISSING",-1.43216566926304,0.89986402724265,0.640969309743874,-2.23437479375623,0.0254584227898294
"496","frule62:tasknumMISSING",-1.2920453613057,0.782434090698085,0.486797526568649,-2.65417404729457,0.00795028080244685
"497","frule62:transityes",-0.0323357430907406,0.257347114466179,0.207940538163646,-0.155504758121252,0.876423403133777
"498","frule72:demeanrp",-0.0121015489501734,0.103526009734576,0.0799236623451233,-0.151413844099347,0.879649269356057
"499","frule71:ffcomheart",0.359359215708112,0.329961972515483,0.265805163906756,1.3519647640637,0.176386587567027
"500","frule72:ffcomage",0.175648730520726,0.264208032257836,0.224558539383238,0.782195729466155,0.43409955387626
"501","frule71:ffcomcovid",-1.02664793077482,0.329571077279762,0.255347103507696,-4.02059751871778,5.805071212888e-05
"502","frule71:larule1",0.321119652140611,0.198414135117933,0.168601304791175,1.90460953157118,0.0568308466661371
"503","frule73:larule10",0.434430587758095,0.189769591186139,0.157408485681739,2.75989306343027,0.00578202845066125
"504","frule72:lirule2",0.614423793786958,0.234918004930997,0.197002102602778,3.11886921849682,0.00181546523561191
"505","frule71:lirule5",0.360294152036081,0.339763094624834,0.282402476747506,1.27581796089635,0.202019876905637
"506","frule72:lirule5",0.120894660557721,0.29843962549552,0.272808835948165,0.443147891957179,0.657658766315659
"507","frule71:lirule10",0.227391268674394,0.301690768810802,0.244167211103981,0.931293221748587,0.351701907259587
"508","frule71:owncomdiab",0.571607098793316,0.306932872459711,0.281394186975368,2.03133939949993,0.0422205772324147
"509","frule72:owncomcanc",1.09166374382555,0.455368780776183,0.378655545552653,2.88299948765376,0.00393908081520969
"510","frule73:owncomother",-0.0150775644564568,0.529715244063773,0.450635316090237,-0.0334584616830999,0.973308990045911
"511","frule73:owncompreg",-0.285769285461307,0.659695980801904,0.412402690001733,-0.692937491411868,0.488348780250709
"512","frule73:owncomcovid",-0.623168373402293,0.371656216155243,0.301861716536605,-2.06441671554838,0.0389782229539572
"513","frule72:R0subjdnk",-0.294455307981633,0.215879624271438,0.164334980736785,-1.7917993275775,0.073165116583891
"514","frule73:vulnteens",0.603469182314689,0.313896107354746,0.256585244929399,2.35192472770886,0.0186765539291548
"515","frule72:vulnseniors",0.604900522605302,0.251933924352519,0.208654859813381,2.89904832864338,0.003742971956785
"516","frule73:vulnseniors",0.464105125095253,0.213363103317469,0.177467680314111,2.61515293530521,0.00891875107748733
"517","frule71:vulnlowinc",0.203854488667871,0.242107227164192,0.209623232623015,0.972480416970205,0.330811602567375
"518","frule72:vulnrural",0.053369220957167,0.335826396199534,0.248067512009954,0.215139904958717,0.82965824260944
"519","frule71:vulnessent",0.575834817526999,0.249461528924015,0.212187152493583,2.7138062354855,0.00665150587420094
"520","frule72:pziprasian",-0.993623905422685,0.779238882782464,0.733510392953299,-1.35461462437104,0.175540371609701
"521","frule71:pziprothrace3",1.92041334043742,0.874545464723926,0.762269132266158,2.51933767110339,0.0117575840466319
"522","frule73:pzipifinan",5.83347467744524,3.317333985291,2.76958448980895,2.10626348425559,0.0351814713502651
"523","frule72:months2",-0.0769394798454906,0.188923656619855,0.158048533122647,-0.486809199208354,0.62639355059956
"524","frule71:reject",-3.91536744076763,3686.78782505148,1.16612374841305,-3.35759171879996,0.000786246535600057
"525","frule73:y2020m8rcases",0.000320619863166108,0.000840109849777675,0.0007271816733179,0.440907513115974,0.659279954311542
"526","frule73:y2020m8rdeaths",-0.10839729491657,0.0382498322411713,0.0291370219049701,-3.72025992464521,0.000199017847173161
"527","frule71:y2020m9rdeaths",0.0342835764702075,0.0537018924797179,0.0429523669224164,0.798176653038306,0.424767983866144
"528","frule73:y2020m9rdeaths",0.0127479996103091,0.0481593203189282,0.0416360712468042,0.306176813243098,0.759470025555698
"529","frule72:agebin25to34",-0.45422954446325,0.243755060247322,0.209695975882871,-2.16613381611561,0.0303009627912712
"530","frule71:agebin35to44",0.212468910091326,0.263052331169836,0.22612668333729,0.939601231290373,0.347422144467059
"531","frule72:agebin75up",0.389866850787755,0.444732621046065,0.37613455684627,1.03650899310243,0.299964746091677
"532","frule73:agebin75up",-0.537047845094105,0.31482620715218,0.271684046247886,-1.97673677387777,0.0480713917602145
"533","frule72:income15",0.333147611393221,0.312617270006315,0.288206852835345,1.15593230388436,0.247708848017725
"534","frule71:income22.5",-0.663833998753005,0.476182945561875,0.372786991566531,-1.78073273416391,0.0749561228609531
"535","frule72:income40",-0.498440846672724,0.31595215530045,0.264274236471903,-1.88607430420376,0.0592849424209458
"536","frule73:income40",0.243734121156536,0.299207324833064,0.261907443938046,0.930611659950342,0.352054480843085
"537","frule71:income112.5",0.996761749512313,0.339564536677562,0.242218846452859,4.11512879410192,3.8696328333142e-05
"538","frule73:income137.5",0.313620066594229,0.262297044127329,0.227066529643915,1.38118139686217,0.167223193221882
"539","frule73:income162.5",0.690445326993733,0.482663775755599,0.413134295754704,1.67123701442516,0.0946748718238802
"540","frule73:income225",0.540236894472043,0.349298979178935,0.309488305212895,1.74558096500744,0.0808837922499474
"541","frule72:countyfutureuncer",-0.482576062933499,0.21709395612348,0.17190492682359,-2.80722648181411,0.00499700955153512
"542","frule73:employmentMISSING",-0.89818948924856,0.531860381087316,0.396732022976371,-2.26397022985476,0.0235759458477328
"543","frule72:employmentretired",0.535744673961472,0.276370996502684,0.225181526097403,2.37916796837825,0.0173517672615433
"544","frule72:employmentstupart",0.51617295765057,0.806497365284174,0.546587576679559,0.94435545130068,0.344988038352586
"545","frule73:rulesjudgmentinsuff",0.446770392471241,0.243292776191009,0.215997662116093,2.06840383407073,0.0386020649886769
"546","frule72:prepjudgmentover",-0.272386604910613,0.290732570150838,0.229836377211271,-1.18513269403054,0.235964986251484
"547","frule72:stateWA",0.312966456181483,0.253881784432792,0.193976815816552,1.61342196934226,0.106652863332869
"548","frule72:ideologysconserv",-0.113202661943881,0.286192541500599,0.230617433572032,-0.490867755271083,0.623519984340385
"549","frule71:educationeducpnts",-0.215569426296885,1.03748028020636,0.943871307412064,-0.228388578616655,0.819344167786745
"550","frule71:educationmasters",0.290903932837766,0.245090661540133,0.20416603958714,1.42483996567708,0.15420346669377
"551","frule71:tasknum2",1.03397155145963,0.42052487069455,0.371660518139521,2.78203226061121,0.00540196700649221
"552","frule71:tasknum3",-0.325643170220478,0.313858856165429,0.266685741219529,-1.22107454538568,0.222057796409334
"553","frule72:tasknum3",-0.631365578815363,0.239555286002562,0.19986611524896,-3.15894256527131,0.00158342692275667
"554","frule71:tasknum5",-0.313050178229983,0.280113010159903,0.23071332779792,-1.35687947123792,0.174819510686152
"555","frule71:tasknum6",0.0219930204981257,0.360788643198823,0.297699183575793,0.0738766570803388,0.941108530033757
"556","frule71:tasknumMISSING",0.222894362270621,0.74902826237021,0.514276393291553,0.433413559669767,0.664714351358491
"557","frule71:transityes",-0.116064928849937,0.269239220097808,0.222190715357571,-0.522366241375812,0.601415356056605
"558","frule81:pziprural",0.108308928892131,0.64949061990713,0.452841219155531,0.239176391879934,0.810968808023456
"559","frule82:y2020m6deaths",-0.0311854643636209,0.0512601628228463,0.0417658617641608,-0.74667355218757,0.455260638158397
"560","frule83:y2020m12deaths",0.0558749478702304,0.0234785840656226,0.0198655395320658,2.81265695200678,0.00491340383518696
"561","frule81:ffcomheart",0.29328880823153,0.336109587859968,0.270701552779101,1.08343969667164,0.278613303746664
"562","frule82:ffcomage",0.330633719236144,0.26871302354458,0.207299412890348,1.59495733550888,0.110721776774127
"563","frule82:larule6",-0.512793227860507,0.218203826917223,0.181280228833554,-2.82873224046588,0.00467327801499345
"564","frule83:larule6",-0.173808748079712,0.204361476526375,0.15983550012594,-1.08742268108625,0.276850051936977
"565","frule83:larule7",-0.246602716856778,0.179226109716608,0.140898966706921,-1.75020954816317,0.0800821618495513
"566","frule81:lirule1",-0.366192760211592,0.221753540947105,0.185098289527932,-1.97836922829225,0.0478870685172578
"567","frule82:lirule1",0.396978105377822,0.255872379609434,0.21877482158057,1.81455115588621,0.069592914496258
"568","frule82:lirule2",0.316264651591814,0.252625159345118,0.230767578148474,1.37048997146528,0.170534003778706
"569","frule82:lirule9",0.443732392253148,0.320108613595975,0.26699916484112,1.66192427050172,0.0965279596225375
"570","frule81:owncomresp",-0.325883216089929,0.315721873259576,0.245156971745658,-1.32928390234817,0.183754323118273
"571","frule82:owncomcanc",0.925263437543148,0.530803925380727,0.392409532756279,2.3579025490133,0.0183785168982476
"572","frule81:owncomage",0.438849515728792,0.316040882986624,0.284969931844996,1.53998533419834,0.123563928327564
"573","frule81:R0subjdnk",-0.252571260304828,0.219968348728815,0.171286455929128,-1.47455476812092,0.14033228306183
"574","frule82:vulnseniors",0.42842677389024,0.233563934645263,0.187927487858024,2.27974512283115,0.0226228094233165
"575","frule81:vulnmen",0.158460710039444,0.280082356751621,0.239986543094304,0.660289981247723,0.509067758179374
"576","frule82:vulnmen",-1.01370843208453,0.294042543048088,0.242992698992407,-4.17176498013304,3.02249298465345e-05
"577","frule81:vulnlowinc",0.639965038035222,0.253010671976855,0.202396782616588,3.16193286158874,0.00156725694189081
"578","frule82:vulnlowinc",0.324433707170947,0.250174167003176,0.209860232963568,1.54595133432101,0.122116321453252
"579","frule81:vulnnosci",-0.501574037593453,0.387818114548979,0.294245126774777,-1.70461289568738,0.0882666446623088
"580","frule83:vulnnosci",0.247273605144383,0.27689753905477,0.230320170246229,1.0736081207305,0.28299835640599
"581","frule81:wrongnopopup",-0.0128343275699318,0.462468840399215,0.446004336594319,-0.0287762394149225,0.977043051230825
"582","frule82:wrongsamecost",-0.368641402468808,0.225272030314095,0.193934203198442,-1.90085810748709,0.0573206005526748
"583","frule83:wrongsamecost",-0.0719308787279503,0.199630379070028,0.162700663914995,-0.442105625122288,0.658412774073111
"584","frule81:pziprblack",0.166630836726189,1.55387580544294,1.22412508051205,0.136122394172732,0.891724524312821
"585","frule82:pziprasian",-0.426466159468182,0.685611026147772,0.591225969919653,-0.721325146671312,0.470709488752762
"586","frule81:reject",-1.65135127161063,2696.00095730317,1.54503156794616,-1.06881393614876,0.285153518401817
"587","frule83:y2020m1rcases",15.7599223941042,7.78159997478575,6.9424272057664,2.27008824536381,0.0232022293880375
"588","frule81:y2020m3rcases",0.00544740098427815,0.00694817185336379,0.0053581115553372,1.01666434676076,0.30931313202446
"589","frule83:y2020m6rcases",-0.00149899257908479,0.00135083163121945,0.00102211678793676,-1.46655704786011,0.142496591624973
"590","frule83:y2020m7rdeaths",0.0968269538647143,0.0540146712510055,0.0409520661527592,2.36439728104392,0.0180594346509509
"591","frule82:y2020m9rdeaths",0.0401938271741499,0.0511929306265378,0.0413756805511441,0.971436037758139,0.331331190042368
"592","frule81:y2020m10rdeaths",0.07373292953069,0.0675823212757273,0.0621349455189248,1.1866579895565,0.235362552162391
"593","frule83:y2020m12rdeaths",NA,0,0,NA,NA
"594","frule81:agebin35to44",0.472473527793131,0.26185041918489,0.220139088507579,2.14625004126363,0.0318530350952248
"595","frule81:agebin45to54",0.617483336025211,0.312182696534162,0.238873587376151,2.58497954004797,0.00973847760972781
"596","frule82:agebin65to74",-0.0358322963148544,0.26440722348485,0.212546694264725,-0.168585526294875,0.866122665946398
"597","frule83:income22.5",-0.619501459366142,0.391000541730047,0.295255003541286,-2.09819123109125,0.0358882559307009
"598","frule83:income62.5",-0.325844377815733,0.196647626752345,0.182872335280482,-1.78181340176997,0.074779666047287
"599","frule81:income137.5",-0.513300424466296,0.342774078170137,0.278455039574291,-1.84338708773611,0.0652725139766711
"600","frule81:income162.5",-1.21499314124119,0.4795484023384,0.398161137279375,-3.05151112824121,0.00227692608135149
"601","frule82:countyfuture3to5",-0.0904986202629515,0.279176940809439,0.231729757558145,-0.390535170003982,0.696140853909797
"602","frule82:countyfuture6to10",-0.363473581778162,0.365656515562794,0.283196796052503,-1.28346643339417,0.199328712191206
"603","frule81:countypast3to5",-0.637018417507183,0.274688534197428,0.220309529698257,-2.89147009836417,0.00383444079379679
"604","frule82:countypast6to10",-0.216140766148505,0.267821951474554,0.233953848352834,-0.923860700177651,0.355558846765616
"605","frule81:employmentMISSING",1.27697376282008,0.717336785209705,0.556770851590465,2.29353558860399,0.0218171888785661
"606","frule81:employmentstufull",-0.00444007367668311,0.661683820807995,0.443309135417772,-0.0100157504593241,0.992008720951744
"607","frule83:employmentstufull",1.05019778142264,0.417743998728989,0.425550666475658,2.46785603726157,0.0135924973169993
"608","frule82:employmentstupart",0.164516417578426,0.951068019529801,0.891359037317971,0.184568070430343,0.853567831727549
"609","frule83:employmentstupart",-0.245683758757031,0.621985689192028,0.440343802139365,-0.557936225202674,0.576887933857636
"610","frule82:rulesjudgmentdnk",-0.166987153569919,0.432948179091636,0.343647122517812,-0.485926238364657,0.627019464422515
"611","frule81:ideologymoderate",0.561856393659475,0.222205393886393,0.185038503590778,3.03642962278839,0.00239397987749503
"612","frule82:ideologysliberal",0.554234272058941,0.323584568490173,0.278798180392226,1.98794077952453,0.0468182399585702
"613","frule83:ideologysliberal",0.0825648469308973,0.301009156838492,0.261456031231666,0.31578864921169,0.752162934215768
"614","frule82:educationeducpnts",-2.91610615072955,1.64735995190059,1.21023756231496,-2.40953201382346,0.0159729946352391
"615","frule81:educationhischgrad",-0.380819742897043,0.300423668374114,0.266128701269233,-1.43096081362446,0.152441446218102
"616","frule82:educationhischgrad",0.559933360154185,0.300563636021504,0.275116859780071,2.03525643830697,0.0418250768798867
"617","frule81:educationtradetech",0.92580631493193,0.723408916912218,0.654151224643339,1.41527873075022,0.156986788582723
"618","frule81:tasknum3",-0.47359720673468,0.299135308676106,0.255858276511913,-1.85101382371201,0.0641675644052324
"619","frule82:tasknum3",-0.687128839305973,0.323549694240927,0.279111375467274,-2.46184462441065,0.0138224532732646
"620","frule83:tasknum3",-0.660235406223525,0.299278791216815,0.255420034979087,-2.58490061782969,0.00974070696812903
"621","frule81:tasknum4",-0.296866052492946,0.341473378454767,0.238640127219107,-1.24399050550446,0.213503057318765
"622","frule82:tasknum4",-0.473771659343966,0.346420604369823,0.255705364621286,-1.85280297128552,0.063910604211543
"623","frule82:tasknum5",-0.475844455975023,0.239240518312311,0.191369721745162,-2.48651903569511,0.0128999668082255
"624","frule93:demeanrp",-0.121138710720697,0.0866960262355871,0.0684945081694208,-1.76859012435071,0.0769623000130296
"625","frule93:ffcomdiab",0.218219007749837,0.193818045531348,0.155705260929694,1.40148769827611,0.161068283661903
"626","frule93:ffcompreg",1.21186440923692,0.513386081954634,0.377474428965139,3.21045431490365,0.0013252533259906
"627","frule91:incloss",-0.693810565139429,0.240541210202542,0.190114661785981,-3.64943218277651,0.000262820611559155
"628","frule92:lirule1",-0.493348286486761,0.237635002430199,0.205853801288292,-2.39659546435016,0.0165481821791634
"629","frule93:lirule2",-0.259548717024181,0.165388310754906,0.153698341719293,-1.68868911740251,0.0912790222339071
"630","frule92:lirule4",0.0960974634664637,0.280446367784317,0.232268809269614,0.413733827493451,0.679069050446211
"631","frule92:lirule5",-0.549578098621402,0.31638574122544,0.274117253073412,-2.00490152465601,0.0449735756964071
"632","frule91:owncomheart",-0.144142532093436,0.356624016882661,0.292846138931146,-0.492212506606847,0.622569124058671
"633","frule93:owncomheart",0.229322661024015,0.296799848893386,0.245413208341618,0.934434876483075,0.350079614270979
"634","frule93:owncomother",-0.678580674154668,0.457663159882357,0.34946070034444,-1.9417939513251,0.0521620494299722
"635","frule91:owncompreg",-1.83638036225119,0.865225812313171,0.572103059548259,-3.20987684229695,0.00132791855040636
"636","frule91:owncomnovax",-0.340143448556881,0.218001160571565,0.177392169673582,-1.91746596922951,0.0551787603203999
"637","frule92:vulnseniors",0.580377543359134,0.232661861488743,0.191660276127581,3.02815771262272,0.00246049639522636
"638","frule93:vulnwomen",-0.116918688954805,0.242708349211358,0.193367958595131,-0.604643550070292,0.545415863445876
"639","frule92:vulnmen",-0.462889813184971,0.280223516949806,0.245728060026542,-1.88374829124103,0.0595990309320708
"640","frule91:vulnnoneng",0.302888675471455,0.350933988985947,0.289551338390677,1.04606208057924,0.295532370986819
"641","frule93:vulnlowinc",0.138572018078013,0.189190288101619,0.161932779045166,0.855737911095585,0.392142765358682
"642","frule91:vulnnosci",0.970102048002505,0.365268422305669,0.289122222330893,3.35533547086619,0.000792687932325459
"643","frule93:wrongdaycare",-0.179997238152106,0.180897086409591,0.154896179011089,-1.16205086078476,0.245214805969267
"644","frule92:pzipiagric",2.63258898801191,2.72559875480711,2.12363700556438,1.23966053572902,0.215100979775164
"645","frule93:pzipiagric",-1.03201758691227,1.63739633934851,1.37062658234914,-0.752953138515291,0.451478074453468
"646","frule91:pzipitransp",9.40749886519665,3.72852336280743,2.80368438229336,3.35540580980142,0.0007924863831596
"647","frule92:pzipitransp",7.60504683936191,3.71063862812645,2.86999071292647,2.64985067899652,0.0080527352857864
"648","frule91:reject",-4.77195165481742,4788.13384937756,1.27714813589848,-3.7364120266756,0.000186664713389016
"649","frule92:y2020m1rcases",0.251186964437723,10.551325626525,8.95179656899216,0.0280599500336951,0.977614336728698
"650","frule91:y2020m2rcases",-0.768948951288499,1.86193217323988,1.64589414905034,-0.46719222602023,0.64036235507859
"651","frule93:y2020m9rcases",-0.000353354423927682,0.00119244304463974,0.000935893597226803,-0.377558330321658,0.70575872479232
"652","frule93:y2020m10rcases",-0.00293235835052004,0.00188602560878354,0.00151712599725952,-1.93283771803854,0.0532561922828612
"653","frule93:y2020m11rcases",0.000374408935999617,0.000582354528661481,0.000434914881898825,0.860878649093263,0.389304882068132
"654","frule92:y2020m6rdeaths",-0.124766475337756,0.0551794363649064,0.0449484768911473,-2.775766476802,0.00550717484014077
"655","frule92:y2020m8rdeaths",0.0854096653012559,0.0442846050355359,0.0326155643013865,2.61867814127088,0.00882711891290292
"656","frule91:agebin55to64",-0.110010301797684,0.288057298115342,0.223597367248058,-0.492001776012144,0.622718088025301
"657","frule92:agebin65to74",0.432154764960337,0.265720430607375,0.2258479917077,1.91347623546569,0.0556871129845151
"658","frule92:income15",0.725081000158741,0.326607427838874,0.261700245369113,2.77065464396511,0.00559437279012963
"659","frule91:income22.5",-0.22882949522679,0.452700884218949,0.325635769477303,-0.702716091644654,0.48223269739014
"660","frule91:income62.5",0.504314439550939,0.277548172001419,0.228333599691384,2.20867380110755,0.0271973379723006
"661","frule92:income137.5",1.28097312183034,0.377466766559158,0.288887425228669,4.43416019515692,9.24318804127849e-06
"662","frule91:income162.5",0.65102204513808,0.497129209725175,0.38446715312649,1.69330992217141,0.0903964904755153
"663","frule91:countyfuture6to10",-0.488263471456089,0.347170971424281,0.269523400060396,-1.81158100315845,0.0700509624301
"664","frule91:employmentfull",0.487467538075718,0.225595745188395,0.180722829318233,2.69732130641525,0.00698997889982103
"665","frule91:employmentMISSING",-2.03423021344168,0.716853419216397,0.535240203011376,-3.80059308324873,0.000144350180143459
"666","frule92:employmentMISSING",-1.77841852043552,0.596445982864508,0.436930556289063,-4.07025440275905,4.69618262357152e-05
"667","frule91:employmentstufull",1.67672042857799,0.617738952385666,0.431446577491153,3.886275882238,0.000101793817201388
"668","frule92:employmentstupart",0.586881395779269,0.790651145812611,0.546874918324701,1.0731547125568,0.283201706192265
"669","frule92:rulesjudgmentdnk",-0.208600798736963,0.435452319537397,0.363013862496415,-0.574635903164782,0.565537565066847
"670","frule93:rulesjudgmentinsuff",0.727353487742541,0.244948464011543,0.207535627446528,3.50471625856117,0.000457094160538328
"671","frule91:stateWA",0.222074871896833,0.265306193919224,0.209888529920477,1.05806101925138,0.29002762438976
"672","frule92:ideologymliberal",0.143126567114538,0.293874734427393,0.248847306317346,0.575158193322029,0.565184314148259
"673","frule93:ideologysconserv",-0.396174081767045,0.25952306228902,0.213653242874473,-1.85428536649831,0.0636983445544238
"674","frule91:educationlthighsch",-0.526865649709313,0.857216722908831,0.575844775841211,-0.914943873441679,0.360221095946606
"675","frule91:educationtradetech",2.03029171343026,0.679729363546837,0.517452912357362,3.9236260245997,8.72261033459889e-05
"676","frule92:tasknum2",-0.663655503873372,0.302675706946271,0.251107016180606,-2.64291899910931,0.00821946962767074
"677","frule91:tasknum3",-0.432708230808489,0.333457908813235,0.286153528233299,-1.51215409951438,0.130494664814764
"678","frule92:tasknum3",-0.453281288612224,0.310940271749375,0.265278281841983,-1.70870108726891,0.0875063326198552
"679","frule93:tasknum3",-0.498917998002519,0.294960705251923,0.265964778317658,-1.87587996109256,0.0606717648672057
"680","frule91:tasknum5",-0.0460883632295998,0.252906256499162,0.194116528239778,-0.237426269919016,0.812326111837427
"681","frule91:tasknum6",0.243679719722745,0.338874873479259,0.268989907800725,0.905906551346414,0.364985316438899
"682","frule92:tasknum6",0.109093955587717,0.324326941799165,0.280756709668636,0.388571143024418,0.697593416974777
"683","frule91:tasknumMISSING",-1.0080483473798,0.763331972535534,0.579424615554496,-1.73974028772513,0.081904631697181
"684","frule91:layofftemp",0.492554651369188,0.213707540595763,0.174536094340363,2.82207902743978,0.00477134180713086
"685","frule103:y2020m4cases",-0.00265990616135367,0.00256940029776435,0.00218074994252355,-1.2197208444154,0.222570716978788
"686","frule103:demeanrp",-0.115459304720527,0.0951979419687765,0.0752417980290181,-1.53451017579349,0.124904191815653
"687","frule101:ffcomheart",0.153990008810812,0.336906096812524,0.244645629040723,0.62944107938744,0.529060331329772
"688","frule102:ffcomheart",0.686856005938715,0.352380629660951,0.288486551702058,2.3808943671249,0.0172706636156694
"689","frule102:ffcompreg",1.64046743923648,0.795618778612742,0.505490409244052,3.24529884096071,0.00117327425631582
"690","frule101:owncomcanc",1.00427257669294,0.504661532747806,0.361886835991229,2.77510115542661,0.00551845406507672
"691","frule101:owncompreg",-1.25774014046158,0.78688701463584,0.584050640312494,-2.15347788984296,0.0312811399291939
"692","frule102:owncompreg",-1.94258822189663,0.896286507282153,0.543687601144242,-3.57298606370325,0.000352933551003675
"693","frule102:R0subjmean",0.0211099968204627,0.0271244942787581,0.0228315477813481,0.924597711141957,0.355175204084762
"694","frule102:vulnteens",-1.18710677686222,0.377193131773252,0.289435149469871,-4.10146030651953,4.10550940374702e-05
"695","frule102:vulnseniors",0.36222899305986,0.26961319517774,0.23099229585327,1.56814317863637,0.116847721606926
"696","frule102:vulnwomen",0.0173483218472604,0.325111952970986,0.269498840973838,0.0643725285963084,0.948673603650813
"697","frule103:vulnrural",0.321297995490938,0.282378096435791,0.20277950682945,1.58446975493026,0.113086859080933
"698","frule101:wrongdaycare",-0.524239727191455,0.216853969093309,0.177341014696038,-2.95611101633764,0.00311544931201095
"699","frule103:pziprasian",-1.28875455208247,0.641373243685587,0.534281590776906,-2.41212606672162,0.0158597966436991
"700","frule101:reject",-4.26350642360404,3104.33685004975,1.10656108408549,-3.85293363820724,0.000116711030046106
"701","frule102:reject",-5.33314251916966,3030.66651583763,1.22585941020953,-4.35053357240869,1.3580665936856e-05
"702","frule101:y2020m7rcases",-0.00135346156094299,0.000605555114874037,0.000468345292833248,-2.88987971407857,0.00385389259496706
"703","frule102:y2020m7rcases",-0.000480220668332146,0.000643735636309486,0.000493908989254328,-0.972285742474848,0.330908414778047
"704","frule101:gendermale",0.494136076679333,0.211863997195184,0.171281910028504,2.88492857533583,0.0039150247301635
"705","frule103:gendermale",0.0745460087504712,0.195201100246692,0.17070607665901,0.436692179970716,0.662334601267425
"706","frule102:agebin35to44",0.494005158723805,0.265520281511171,0.209008987030875,2.36355941312146,0.0181003241157896
"707","frule103:agebin65to74",0.272909267751518,0.231382447186045,0.196236648002751,1.390715090831,0.164311839630376
"708","frule102:agebin75up",0.881743911017159,0.448791017983775,0.342212776217185,2.5765955344039,0.0099778628526495
"709","frule102:income22.5",-1.24271077910036,0.426191631005209,0.321995225311407,-3.85940747381741,0.00011366228138495
"710","frule103:income112.5",1.03671535738887,0.23029937825028,0.198807987963085,5.2146564532476,1.84158215859312e-07
"711","frule102:countyfuture3to5",0.877889561361297,0.315082533241875,0.267882506058408,3.27714405198929,0.0010486285491415
"712","frule102:countypast10up",0.292181547599782,0.217666851776119,0.179268650447479,1.62985299923024,0.10313256926551
"713","frule101:countypast3to5",0.374949091624621,0.290734584558394,0.2298269295123,1.63144106924404,0.102797285016458
"714","frule103:countypast6to10",0.0617059596335166,0.192718913922089,0.179589803193059,0.343593893062975,0.731151718036699
"715","frule101:employmentfull",0.0841407753795939,0.218783368806367,0.181672117868947,0.463146333992157,0.643259480280561
"716","frule101:employmentMISSING",1.58683485137494,0.716707877418144,0.513840689557849,3.08818449691165,0.00201383403293937
"717","frule102:employmentMISSING",-0.927037873524334,0.602472216023335,0.510529186331602,-1.8158371712018,0.0693953534376591
"718","frule102:employmentretired",0.0571790641675842,0.303497870492526,0.238802844492773,0.239440465162946,0.810764055707374
"719","frule101:rulesjudgmentgood",0.729443414078543,0.220622503528287,0.180551883486386,4.04007645887309,5.34337789390247e-05
"720","frule103:rulesjudgmentgood",0.429670724814609,0.200629433351401,0.168852677294064,2.54464857590809,0.0109387764848393
"721","frule101:ideologyMISSING",-1.13636103093849,0.46343275958805,0.305248299271494,-3.72274320168377,0.000197069932581639
"722","frule102:ideologysliberal",0.833868200769764,0.310173505124575,0.259851372660401,3.20901980325323,0.00133188318280759
"723","frule103:educationdoctoral",0.57488169161521,0.39036902836323,0.326839876835124,1.75890927747844,0.0785929191322435
"724","frule102:educationeducpnts",1.70557376050631,1.46994463579254,1.01891322151107,1.67391464208985,0.0941473761229393
"725","frule103:educationeducpnts",0.223665377052555,0.868725811401116,0.598602963572101,0.373645622664236,0.708667986402921
"726","frule101:educationhischgrad",0.55925058736864,0.30289674692934,0.277148814141802,2.01787111772559,0.0436046857544863
"727","frule101:educationlthighsch",-1.24474286805173,0.825059948009238,0.449798661098065,-2.7673334220538,0.00565169199746136
"728","frule101:tasknum3",-0.509757090068149,0.285192463217247,0.237961593967493,-2.14218219658499,0.0321788235701007
"729","frule102:tasknum3",-0.471686593126009,0.263307364829576,0.223784977610335,-2.10776700993456,0.0350511477712331
"730","frule102:tasknum4",-0.291929787349221,0.324138127770878,0.252539984116638,-1.15597452169946,0.247691578606627
"731","frule101:tasknum5",-0.374737343426833,0.246281528773133,0.200488602054973,-1.86912043670234,0.0616060603317481
"732","frule101:tasknum6",-0.207284391034512,0.338421350679795,0.247514435939403,-0.837463844271532,0.402331891878049
"733","frule101:tasknumMISSING",-0.885151859992274,0.798419096175577,0.473758935973442,-1.86835918603527,0.0617120219738385
"734","frule102:tasknumMISSING",-0.987428133583698,0.831996010498461,0.63682498051369,-1.55054868103195,0.121009878669821
"735","frule101:transityes",0.396330368469934,0.272306058125808,0.213733649777629,1.85431900349936,0.0636935349394509
"736","frule102:layofftemp",0.134085978543248,0.187424010434811,0.149931463592564,0.894315144602495,0.371153299198362
"737","frule103:layofftemp",0.116518218768506,0.160299495240312,0.125628700876589,0.927480885780772,0.353676911475856
