"","GEOID","county","Totalworkers","Agriculture.forestry.fishing.and.hunting.and.mining","Construction","Manufacturing","Wholesale.trade","Retail.trade","Transportation.and.warehousing.and.utilities","Information","Finance.and.insurance.and.real.estate.and.rental.and.leasing","Professional.scientific.and.management.and.administrative.and.waste.management.services","Educational.services.and.health.care.and.social.assistance","Arts.entertainment.and.recreation.and.accommodation.and.food.services","Other.services.except.public.administration","Public.administration"
"1",29909,"ZCTA5 29909",4319,0,120,99,88,1063,8,0,241,587,1078,630,213,192
"2",30008,"ZCTA5 30008",14090,178,1788,877,323,1961,785,585,944,1924,2249,1328,697,451
"3",28202,"ZCTA5 28202",9578,0,332,620,236,782,242,248,2098,1735,1579,1357,206,143
"4",28601,"ZCTA5 28601",23647,48,979,5872,938,3094,685,346,1094,1518,4729,2589,1216,539
"5",28645,"ZCTA5 28645",19684,325,1476,5011,606,2383,871,456,617,1095,3881,1491,869,603
"6",30334,"ZCTA5 30334",0,0,0,0,0,0,0,0,0,0,0,0,0,0
"7",30315,"ZCTA5 30315",12562,56,658,664,287,1408,1118,308,746,1807,2496,1883,483,648
"8",30117,"ZCTA5 30117",15976,99,925,2813,403,1835,799,153,701,1440,3615,1959,601,633
"9",31210,"ZCTA5 31210",16319,154,572,885,270,1644,816,424,1934,1746,5052,1372,526,924
"10",35405,"ZCTA5 35405",22783,88,1075,4117,403,2343,1125,357,786,1249,7308,2484,702,746
"11",33131,"ZCTA5 33131",11032,68,286,541,335,706,251,477,2361,2581,1454,1155,361,456
"12",37772,"ZCTA5 37772",6198,44,454,892,118,823,248,81,311,837,1485,522,253,130
"13",36207,"ZCTA5 36207",8557,237,296,1566,174,827,299,135,428,781,2244,593,304,673
"14",44305,"ZCTA5 44305",10484,21,678,1652,211,1392,800,109,570,934,2330,1270,317,200
"15",43506,"ZCTA5 43506",6838,128,258,2296,146,829,293,109,172,488,1157,516,274,172
"16",46113,"ZCTA5 46113",8153,107,455,723,266,1156,884,228,677,482,1442,870,310,553
"17",46032,"ZCTA5 46032",26489,15,916,3344,1051,2017,710,610,2818,4605,6671,2456,878,398
"18",48906,"ZCTA5 48906",11712,48,630,1483,263,1343,580,136,668,1134,2787,1322,516,802
"19",48382,"ZCTA5 48382",12454,10,759,2674,399,1387,269,152,1109,1633,2362,1148,349,203
"20",48124,"ZCTA5 48124",14336,16,480,2800,317,1591,567,260,817,1628,3580,1351,523,406
"21",48221,"ZCTA5 48221",15893,41,358,2382,274,1646,858,314,873,1598,4527,1398,644,980
"22",49255,"ZCTA5 49255",810,64,92,209,34,98,46,1,23,29,142,16,31,25
"23",48204,"ZCTA5 48204",7726,38,183,1220,96,889,330,67,364,924,1923,840,518,334
"24",53511,"ZCTA5 53511",22214,233,1211,6399,687,2690,746,330,574,1306,4576,1840,1038,584
"25",53225,"ZCTA5 53225",12153,26,357,1756,387,1391,605,232,481,828,3417,1526,662,485
"26",53566,"ZCTA5 53566",8235,264,552,1653,189,1323,439,157,245,552,1977,413,305,166
"27",60641,"ZCTA5 60641",37532,65,2168,4272,985,3887,2452,726,2340,4972,7688,4716,2155,1106
"28",54115,"ZCTA5 54115",24796,349,1432,3896,795,2657,1749,268,2459,2074,5652,2075,774,616
"29",55423,"ZCTA5 55423",20637,56,906,1564,587,2403,901,386,1956,2977,4562,2865,939,535
"30",55330,"ZCTA5 55330",20949,192,2047,3372,747,2534,1277,122,1485,2260,4534,923,704,752
"31",59102,"ZCTA5 59102",24417,603,1733,1227,802,2808,1387,632,1781,2328,6202,2738,1283,893
"32",60608,"ZCTA5 60608",34418,51,1141,3608,1063,3138,1531,641,1671,4788,7627,6267,1836,1056
"33",60645,"ZCTA5 60645",20867,15,707,1167,423,2322,2114,431,1384,2412,5712,2615,1117,448
"34",66044,"ZCTA5 66044",16866,178,519,1409,293,2171,338,264,867,1297,4594,3492,777,667
"35",67570,"ZCTA5 67570",643,81,64,70,13,44,15,2,9,14,231,39,27,34
"36",75647,"ZCTA5 75647",5635,562,278,584,210,632,433,55,214,366,1195,666,307,133
"37",73401,"ZCTA5 73401",15666,487,1124,2128,314,1989,889,121,671,1209,3490,1664,989,591
"38",74110,"ZCTA5 74110",5530,50,1062,725,47,694,182,95,168,551,932,614,319,91
"39",75409,"ZCTA5 75409",7154,231,525,406,334,747,557,150,589,1063,1440,306,290,516
"40",75028,"ZCTA5 75028",25218,197,774,2132,1092,2783,2013,790,2962,3936,4706,2069,952,812
"41",80203,"ZCTA5 80203",16251,241,559,830,424,1213,439,663,1650,3753,3046,2005,761,667
"42",77619,"ZCTA5 77619",6962,128,970,842,150,760,385,28,263,616,1409,628,499,284
"43",76209,"ZCTA5 76209",13999,90,712,1108,394,1694,485,177,733,1556,3976,1445,1126,503
"44",83854,"ZCTA5 83854",19285,335,1577,1818,468,2381,749,551,1263,1948,4225,1707,1435,828
"45",78628,"ZCTA5 78628",14849,295,1426,1113,462,1469,466,394,1034,1977,3472,1069,642,1030
"46",82001,"ZCTA5 82001",17328,349,1341,528,314,2576,1059,537,724,1623,3847,1828,648,1954
"47",83201,"ZCTA5 83201",16880,247,1013,1243,325,2193,731,232,1332,1474,5002,1594,536,958
"48",84107,"ZCTA5 84107",18872,108,1216,1830,406,2362,980,487,1874,2209,3892,1933,996,579
"49",84120,"ZCTA5 84120",25565,153,2945,3475,817,3440,1899,434,2068,3059,3269,2109,1116,781
"50",85033,"ZCTA5 85033",26425,234,3933,2497,1007,3431,1640,325,1790,3230,3818,2495,1317,708
"51",85031,"ZCTA5 85031",12360,8,2086,1325,279,1443,877,290,431,1661,1209,1634,880,237
"52",85050,"ZCTA5 85050",15874,43,568,949,325,1713,516,365,2500,2545,3593,1632,732,393
"53",1867,"ZCTA5 01867",13539,27,745,1428,184,1087,370,373,1139,2232,3905,781,578,690
"54",1757,"ZCTA5 01757",15811,46,1199,1595,361,1874,657,363,1307,2514,3622,1010,767,496
"55",85635,"ZCTA5 85635",13468,30,846,476,121,1617,262,238,513,2120,2889,1455,516,2385
"56",85023,"ZCTA5 85023",16731,31,1282,937,353,2383,599,398,1983,2689,3090,1746,809,431
"57",85383,"ZCTA5 85383",23997,47,1698,1768,484,3008,1087,357,2964,2735,5851,1813,1074,1111
"58",7065,"ZCTA5 07065",15793,16,973,1981,553,1548,1732,445,1224,1871,3211,860,523,856
"59",7701,"ZCTA5 07701",12629,0,1057,783,243,989,450,355,1396,1977,2885,1544,558,392
"60",7112,"ZCTA5 07112",11393,13,252,346,127,1269,1573,161,421,1399,3467,900,551,914
"61",7450,"ZCTA5 07450",11486,0,211,924,383,886,405,420,2267,2131,2704,554,379,222
"62",8003,"ZCTA5 08003",15498,16,494,1229,576,1457,567,456,1746,2394,4480,899,502,682
"63",8009,"ZCTA5 08009",6631,0,319,552,266,718,203,63,537,712,1937,515,435,374
"64",8757,"ZCTA5 08757",11639,13,860,656,313,1965,819,247,748,1142,2786,859,636,595
"65",8816,"ZCTA5 08816",24186,18,984,2078,1127,2288,1351,998,2397,3443,5800,1858,925,919
"66",6611,"ZCTA5 06611",17317,59,1105,1636,345,1592,654,435,1972,2571,4587,1022,725,614
"67",11427,"ZCTA5 11427",11220,8,632,358,241,1080,1163,154,979,1304,3246,924,512,619
"68",11205,"ZCTA5 11205",21369,30,666,942,561,2025,1206,1432,1376,3624,5163,2663,919,762
"69",11362,"ZCTA5 11362",8874,19,346,233,188,1025,682,306,1206,945,2191,729,638,366
"70",12037,"ZCTA5 12037",2344,28,208,103,14,274,74,43,103,247,721,252,134,143
"71",12306,"ZCTA5 12306",13387,36,702,858,313,1602,488,231,1073,1005,3593,1215,732,1539
"72",10001,"ZCTA5 10001",14360,27,83,305,253,1257,364,684,3137,3914,2141,1473,411,311
"73",10956,"ZCTA5 10956",15865,0,605,1024,547,1461,694,450,1220,2141,5034,1426,555,708
"74",10314,"ZCTA5 10314",41148,26,2690,1093,576,4383,3188,1069,4346,4533,12429,2810,1695,2310
"75",10312,"ZCTA5 10312",28609,12,1998,597,577,2652,2047,770,2732,3548,8874,1616,1040,2146
"76",10583,"ZCTA5 10583",18780,13,438,606,580,1077,192,678,3924,3947,5045,873,780,627
"77",11216,"ZCTA5 11216",31847,6,1161,972,534,2382,1552,2421,2247,5938,8204,3394,1870,1166
"78",11552,"ZCTA5 11552",12873,7,1009,269,297,1497,712,269,1125,1456,3925,906,595,806
"79",11385,"ZCTA5 11385",55079,87,5921,2570,1286,4953,4161,1396,3889,6346,11989,7175,3389,1917
"80",14613,"ZCTA5 14613",5325,36,223,677,25,826,230,94,136,471,1609,579,218,201
"81",13219,"ZCTA5 13219",7466,0,371,360,204,943,329,118,500,758,2301,734,344,504
"82",13053,"ZCTA5 13053",2359,20,112,163,54,247,63,27,65,288,1068,126,89,37
"83",16509,"ZCTA5 16509",13965,72,721,1883,342,1204,498,279,1200,995,4118,1667,553,433
"84",19008,"ZCTA5 19008",10800,16,710,869,172,1147,375,238,1067,1239,3149,913,642,263
"85",21218,"ZCTA5 21218",21404,108,877,679,209,2166,1005,452,827,2669,7842,1867,1016,1687
"86",22407,"ZCTA5 22407",28968,278,2028,1001,688,3945,1605,584,1883,3454,5709,2892,1507,3394
"87",22747,"ZCTA5 22747",461,33,32,0,0,3,0,2,77,42,115,70,58,29
"88",23235,"ZCTA5 23235",17257,31,1247,860,359,1912,988,208,1742,1954,4559,1295,1080,1022
"89",20147,"ZCTA5 20147",35429,138,1511,1154,351,3057,1414,1515,2833,10189,6228,2670,1479,2890
"90",20009,"ZCTA5 20009",37512,60,640,565,211,1015,903,1756,3112,10741,4875,3101,4586,5947
"91",20736,"ZCTA5 20736",4931,36,718,180,161,374,170,73,233,699,735,419,232,901
"92",20772,"ZCTA5 20772",23766,34,1075,625,246,1835,1792,508,1431,3529,5065,1645,1006,4975
"93",20169,"ZCTA5 20169",12068,49,747,476,238,1094,462,283,806,2609,2412,904,524,1464
"94",20910,"ZCTA5 20910",26132,63,824,397,187,1201,710,909,1362,5789,6170,2011,2472,4037
"95",20171,"ZCTA5 20171",27901,34,708,1154,310,1546,1137,1255,2230,9670,4687,1414,1225,2531
"96",20190,"ZCTA5 20190",11436,34,432,330,28,870,455,525,965,3782,1910,749,540,816
"97",20785,"ZCTA5 20785",20004,1,1287,442,265,1752,1907,503,962,2543,4817,1906,1019,2600
"98",20002,"ZCTA5 20002",38141,12,984,693,159,1907,1070,1641,2058,8899,6803,3269,3671,6975
"99",21502,"ZCTA5 21502",16484,61,1014,1292,337,1823,1056,353,855,1149,4463,1877,916,1288
"100",21044,"ZCTA5 21044",25080,1,873,1122,182,2021,763,508,1697,5469,6024,1864,1229,3327
"101",21146,"ZCTA5 21146",13915,43,945,727,490,1216,381,189,882,2477,3553,780,708,1524
"102",86404,"ZCTA5 86404",5853,51,524,424,103,873,341,37,400,649,1331,649,358,113
"103",86409,"ZCTA5 86409",9746,116,442,812,157,1488,700,153,231,628,2425,1375,524,695
"104",90242,"ZCTA5 90242",20413,92,1291,2217,782,2585,1672,533,922,1772,4528,2006,1104,909
"105",90620,"ZCTA5 90620",23181,108,866,3335,1050,2629,1466,299,1510,2911,4519,2742,906,840
"106",90623,"ZCTA5 90623",7600,54,395,661,317,805,467,142,614,888,1933,708,369,247
"107",90630,"ZCTA5 90630",24350,87,1257,3050,931,2408,1278,502,1950,2887,5216,2623,1334,827
"108",90713,"ZCTA5 90713",14720,127,891,1742,403,1740,1066,371,679,1217,3736,1373,623,752
"109",90717,"ZCTA5 90717",11197,39,809,1274,262,1691,965,165,508,1089,2415,1061,471,448
"110",90731,"ZCTA5 90731",29313,233,2364,2116,884,3039,4007,649,1241,3438,5072,3365,1959,946
"111",90010,"ZCTA5 90010",2017,0,69,58,120,128,68,108,327,349,202,440,98,50
"112",90024,"ZCTA5 90024",20955,9,273,425,475,1290,447,1324,1715,3227,7794,2775,933,268
"113",90025,"ZCTA5 90025",30377,12,485,1481,414,2723,651,2702,2799,6753,6327,4252,1195,583
"114",90201,"ZCTA5 90201",43941,215,3245,7378,3000,6305,4751,625,1186,3058,6642,4262,2584,690
"115",90035,"ZCTA5 90035",15408,26,205,432,430,1172,383,1727,1347,3094,3061,2321,863,347
"116",90063,"ZCTA5 90063",23166,284,2423,3442,1227,2839,1765,295,686,1833,4216,2360,1092,704
"117",90008,"ZCTA5 90008",14597,13,706,540,170,1691,1290,497,782,1738,4380,1223,772,795
"118",90013,"ZCTA5 90013",5399,0,161,275,144,340,115,408,465,1179,990,898,279,145
"119",90017,"ZCTA5 90017",13483,116,928,2205,422,1584,482,246,568,2273,1796,1778,914,171
"120",90036,"ZCTA5 90036",23379,20,268,821,702,1504,593,3341,1642,4311,4430,4124,1140,483
"121",90064,"ZCTA5 90064",13725,26,404,627,312,914,328,1187,1361,3491,2999,1364,502,210
"122",90241,"ZCTA5 90241",21829,173,1084,2939,1036,2395,1825,458,1541,2233,4284,1634,1300,927
"123",90275,"ZCTA5 90275",18423,65,443,2064,933,1432,1171,521,2157,3055,4412,735,768,667
"124",90401,"ZCTA5 90401",4551,0,40,269,79,360,21,542,522,1322,682,456,151,107
"125",90402,"ZCTA5 90402",5430,0,71,156,61,468,99,693,805,1083,1122,518,282,72
"126",89135,"ZCTA5 89135",12616,0,427,545,393,1213,530,196,1424,2317,2198,2350,542,481
"127",89139,"ZCTA5 89139",22275,89,640,566,399,2406,1520,422,1032,1978,3249,8471,903,600
"128",92113,"ZCTA5 92113",20114,147,1992,1503,334,2396,886,146,578,2515,2475,4809,1567,766
"129",92116,"ZCTA5 92116",22092,10,785,2009,412,1940,792,981,1439,3870,5057,2904,1042,851
"130",92307,"ZCTA5 92307",14790,38,1349,914,162,2091,1347,222,622,1379,3648,1221,715,1082
"131",92003,"ZCTA5 92003",2157,138,154,135,54,190,83,54,170,338,371,213,198,59
"132",92084,"ZCTA5 92084",24512,760,2011,3077,770,3333,909,306,1241,2854,4489,2482,1408,872
"133",92104,"ZCTA5 92104",28353,67,1182,1728,427,2040,1308,741,1462,5413,6942,4000,1770,1273
"134",92325,"ZCTA5 92325",3917,0,322,154,146,597,266,50,193,254,777,526,422,210
"135",92336,"ZCTA5 92336",46915,90,3345,4669,1923,5337,4532,635,2683,3996,10774,3659,2537,2735
"136",92584,"ZCTA5 92584",21756,183,1806,1533,762,2852,997,326,1388,1943,5182,2345,1013,1426
"137",92587,"ZCTA5 92587",7785,89,1122,459,270,943,349,43,643,920,1491,835,365,256
"138",92620,"ZCTA5 92620",23353,0,564,4024,965,1945,440,685,2520,4721,4717,1467,840,465
"139",92630,"ZCTA5 92630",33243,103,1692,4351,1022,3742,1065,855,2602,4533,6916,3650,2015,697
"140",92704,"ZCTA5 92704",44603,463,3733,7319,1062,5534,1706,300,2283,6542,5614,6154,3240,653
"141",92867,"ZCTA5 92867",21332,78,1586,2661,639,2189,501,441,1773,2845,4776,2355,863,625
"142",92880,"ZCTA5 92880",32639,151,2105,4141,1501,3588,2144,348,1918,3136,7152,2548,1516,2391
"143",92562,"ZCTA5 92562",28402,301,1889,2391,695,3810,1236,505,1400,2999,6956,3145,1332,1743
"144",92606,"ZCTA5 92606",12464,76,290,1585,468,941,343,305,1618,2447,2642,927,397,425
"145",92802,"ZCTA5 92802",20695,77,1605,2655,660,2252,829,393,1067,2626,2979,3698,1327,527
"146",92501,"ZCTA5 92501",9911,24,679,1032,286,1339,666,237,564,585,2317,1126,565,491
"147",92508,"ZCTA5 92508",19155,120,1255,1456,683,2472,1341,247,1073,1541,4925,1415,917,1710
"148",92705,"ZCTA5 92705",23294,108,1323,2932,944,1820,890,465,2125,3856,4381,2569,1098,783
"149",92883,"ZCTA5 92883",15945,65,774,1907,496,1925,761,379,1006,2058,3616,1259,728,971
"150",92545,"ZCTA5 92545",13607,192,1189,931,339,1985,817,206,390,1109,2984,1777,874,814
"151",92626,"ZCTA5 92626",28833,209,1278,2776,891,3337,814,516,2901,4864,5412,3324,1752,759
"152",92805,"ZCTA5 92805",36549,137,3514,4957,1574,3875,1147,462,1900,4487,5835,5464,2589,608
"153",92596,"ZCTA5 92596",12333,83,1238,1086,372,1646,516,99,734,1339,2714,1072,355,1079
"154",92780,"ZCTA5 92780",31935,342,1805,3515,913,3407,933,594,2694,4697,6105,4139,2148,643
"155",92010,"ZCTA5 92010",7283,147,386,845,241,619,149,314,470,950,1446,1020,311,385
"156",92011,"ZCTA5 92011",11279,46,252,1384,398,958,359,422,1057,2433,2077,1147,411,335
"157",92081,"ZCTA5 92081",14904,62,950,1772,483,2004,333,396,861,2152,2603,1878,876,534
"158",92395,"ZCTA5 92395",14932,34,1089,1264,250,2143,1574,269,814,1342,2999,1365,857,932
"159",92637,"ZCTA5 92637",3109,0,52,285,123,347,78,42,484,483,695,249,188,83
"160",92678,"ZCTA5 92678",326,0,72,60,13,5,5,0,10,29,47,41,30,14
"161",92394,"ZCTA5 92394",10955,16,660,848,406,1340,1124,326,320,1197,2401,1031,728,558
"162",92544,"ZCTA5 92544",17893,400,1741,1281,466,2397,1210,216,749,1554,4278,1779,783,1039
"163",92124,"ZCTA5 92124",13558,19,437,1268,204,1002,291,289,1107,2228,3078,1400,932,1303
"164",92234,"ZCTA5 92234",23010,160,1797,607,257,3252,742,367,990,3169,4556,5038,1480,595
"165",92253,"ZCTA5 92253",17050,314,1056,691,242,2441,657,199,1309,1949,3347,2947,1021,877
"166",92262,"ZCTA5 92262",12152,38,561,704,205,1262,444,224,735,2006,2408,2625,650,290
"167",92284,"ZCTA5 92284",9553,19,791,349,83,1347,400,212,491,833,2819,914,631,664
"168",92335,"ZCTA5 92335",41235,235,4208,4288,1359,5567,7956,362,1107,3540,5404,3724,2645,840
"169",92392,"ZCTA5 92392",21577,75,1365,1272,652,3317,2250,404,911,1805,5403,1345,1057,1721
"170",92505,"ZCTA5 92505",24677,137,2603,3290,906,2921,1668,274,1077,2317,5100,2418,1251,715
"171",92401,"ZCTA5 92401",645,0,40,107,25,122,66,0,44,47,105,76,0,13
"172",92506,"ZCTA5 92506",21398,129,1530,1759,779,1963,913,352,1133,2416,6197,1720,985,1522
"173",92543,"ZCTA5 92543",11777,151,1161,889,222,1692,1068,180,374,1199,2123,1413,860,445
"174",92618,"ZCTA5 92618",22185,69,360,3162,1121,2178,436,660,2971,4934,3814,1210,685,585
"175",95991,"ZCTA5 95991",15662,1783,1252,1304,378,2078,639,108,552,1218,3463,1297,496,1094
"176",95003,"ZCTA5 95003",12381,149,900,878,411,1040,409,234,787,1872,3243,1331,672,455
"177",95037,"ZCTA5 95037",25272,358,1962,3738,710,2631,717,788,1331,4168,4779,1972,1126,992
"178",95120,"ZCTA5 95120",17464,23,553,3799,322,1270,291,998,1130,4006,3084,846,583,559
"179",95123,"ZCTA5 95123",35282,66,1837,5468,722,3657,1372,1225,1943,5832,7459,2766,1661,1274
"180",95242,"ZCTA5 95242",12505,515,1270,1016,280,1016,742,164,584,1086,3721,688,862,561
"181",95405,"ZCTA5 95405",10969,89,682,1300,292,1190,445,157,749,1107,2883,953,603,519
"182",95503,"ZCTA5 95503",11132,465,669,433,207,1503,462,165,622,1028,3045,1220,628,685
"183",95310,"ZCTA5 95310",718,8,23,8,0,38,77,0,36,91,225,141,37,34
"184",95608,"ZCTA5 95608",26900,137,1646,1134,532,3017,1437,460,2241,3480,6786,2272,1420,2338
"185",95624,"ZCTA5 95624",30362,170,1801,1782,524,3136,1657,677,2178,3184,7706,2394,1398,3755
"186",95354,"ZCTA5 95354",9914,384,714,1203,398,1333,683,116,301,982,2053,995,454,298
"187",95401,"ZCTA5 95401",20654,857,1722,2369,649,2436,797,245,1195,2098,4094,2208,1209,775
"188",95407,"ZCTA5 95407",21329,759,2401,2343,684,2774,785,387,834,2441,3366,2470,1633,452
"189",95437,"ZCTA5 95437",6237,275,578,232,37,854,114,132,248,561,1369,1229,376,232
"190",95660,"ZCTA5 95660",14374,58,1328,811,453,2371,1081,214,763,2017,2486,1433,674,685
"191",95209,"ZCTA5 95209",18232,232,1220,1490,729,2049,1558,126,789,1414,4671,1426,904,1624
"192",95014,"ZCTA5 95014",27723,124,480,6081,510,2089,267,1894,1247,8608,4561,968,481,413
"193",95112,"ZCTA5 95112",32958,409,2358,4049,656,3551,1144,829,1478,5028,6295,4645,1545,971
"194",95126,"ZCTA5 95126",21456,129,1288,2257,388,1576,712,878,845,5015,4469,2293,802,804
"195",95713,"ZCTA5 95713",4539,126,680,287,115,627,151,36,184,412,974,358,315,274
"196",95758,"ZCTA5 95758",29940,286,818,1522,764,3411,1805,704,1774,2597,7739,2851,1451,4218
"197",95765,"ZCTA5 95765",18700,200,814,909,658,2220,816,432,1866,2284,4940,1360,899,1302
"198",95821,"ZCTA5 95821",14835,35,1000,611,308,1732,703,254,899,2093,3256,1649,1018,1277
"199",95831,"ZCTA5 95831",20915,76,657,946,503,1616,916,181,1425,2677,5512,1644,853,3909
"200",95838,"ZCTA5 95838",15280,67,1368,789,635,1852,1045,277,787,1589,3022,1970,811,1068
"201",95982,"ZCTA5 95982",1392,101,151,193,26,160,81,20,45,44,298,85,109,79
"202",95640,"ZCTA5 95640",3067,200,162,98,86,303,152,24,44,355,498,540,152,453
"203",95666,"ZCTA5 95666",1617,22,166,71,5,304,126,36,71,145,209,183,103,176
"204",95829,"ZCTA5 95829",13076,94,476,634,296,1307,879,191,991,1487,3094,1213,691,1723
"205",95833,"ZCTA5 95833",19652,90,1260,950,486,2308,1047,447,1412,2628,3887,1687,961,2489
"206",95864,"ZCTA5 95864",11209,24,699,474,210,848,472,193,1295,1735,3142,768,434,915
"207",95035,"ZCTA5 95035",38947,149,1131,9237,877,2872,1588,1409,1781,8571,6785,2144,1620,783
"208",95404,"ZCTA5 95404",20248,275,1280,1843,586,2489,639,435,1254,2791,4575,2554,905,622
"209",95551,"ZCTA5 95551",589,45,67,25,24,74,11,0,26,66,115,54,3,79
"210",93283,"ZCTA5 93283",659,0,27,0,75,126,0,0,26,103,137,80,0,85
"211",93611,"ZCTA5 93611",22211,351,1073,1476,671,2288,1054,583,1071,2086,6532,1827,1382,1817
"212",91204,"ZCTA5 91204",8676,17,549,738,282,936,416,382,645,898,2035,994,572,212
"213",91303,"ZCTA5 91303",16527,49,1780,1463,272,1763,606,503,1287,2601,2597,2308,1137,161
"214",91306,"ZCTA5 91306",25246,108,2172,2492,598,3202,796,805,1429,3061,4893,3031,2224,435
"215",91331,"ZCTA5 91331",48842,445,5338,6561,1109,5887,2571,840,1815,5926,8995,4702,3413,1240
"216",91604,"ZCTA5 91604",18694,0,218,816,532,1053,320,3663,1648,3463,2905,2870,961,245
"217",91702,"ZCTA5 91702",30063,197,1927,3421,1197,3187,1708,636,1182,3281,7270,3473,1646,938
"218",91106,"ZCTA5 91106",14584,2,339,898,320,1368,474,481,1258,2064,4512,1445,765,658
"219",91107,"ZCTA5 91107",16859,13,648,939,436,1398,625,823,1493,2890,4810,1280,859,645
"220",91355,"ZCTA5 91355",15520,41,677,1202,458,1287,604,1334,1170,1771,3809,1542,838,787
"221",91423,"ZCTA5 91423",20370,20,445,927,363,1695,582,2676,1860,3402,4077,2616,1256,451
"222",91710,"ZCTA5 91710",36906,304,2376,4271,1593,4415,2919,710,2021,3489,7578,3394,1877,1959
"223",91913,"ZCTA5 91913",23737,45,496,2397,851,2333,1229,449,1145,3139,5136,3114,730,2673
"224",91007,"ZCTA5 91007",15452,44,459,1250,1048,1203,769,505,1803,2010,3927,1350,600,484
"225",91206,"ZCTA5 91206",16064,8,708,1044,316,1762,780,974,1015,2027,4325,1469,846,790
"226",91320,"ZCTA5 91320",22614,165,981,3059,635,2211,451,1037,1945,3589,4117,2049,1294,1081
"227",91321,"ZCTA5 91321",16443,21,1332,1590,217,1618,669,666,863,2055,3291,2278,1269,574
"228",91361,"ZCTA5 91361",9744,39,268,664,273,675,250,369,1459,2204,1991,834,442,276
"229",91606,"ZCTA5 91606",21581,106,1433,1637,534,2537,1164,1628,1182,2281,3988,2696,2035,360
"230",91732,"ZCTA5 91732",29624,133,2493,3976,1762,3154,2158,299,1040,2915,4841,3651,2441,761
"231",91755,"ZCTA5 91755",12414,8,370,955,863,1172,784,244,869,1230,2747,1624,1091,457
"232",91801,"ZCTA5 91801",27373,94,1093,2230,994,2452,1242,734,2139,3467,6687,3338,1680,1223
"233",91803,"ZCTA5 91803",14504,16,675,1282,401,1440,1110,473,812,1648,3288,1761,902,696
"234",91786,"ZCTA5 91786",25902,119,1316,2465,694,3125,2222,467,1309,3051,5805,2723,1564,1042
"235",91791,"ZCTA5 91791",16098,111,1031,1364,657,2030,966,257,1247,1551,3694,1772,688,730
"236",91101,"ZCTA5 91101",11865,38,416,670,289,664,330,775,857,2690,2886,1342,510,398
"237",91360,"ZCTA5 91360",20750,130,963,1514,495,2328,564,816,1952,2878,4507,2866,1085,652
"238",91915,"ZCTA5 91915",13857,0,530,1076,465,1299,428,194,1087,1520,4166,1123,574,1395
"239",91316,"ZCTA5 91316",15326,0,653,523,358,1351,533,1113,1542,2888,3737,1197,1192,239
"240",91504,"ZCTA5 91504",12980,52,380,1101,341,1131,669,1255,956,1574,2703,1647,639,532
"241",91724,"ZCTA5 91724",12472,51,830,1127,567,1357,673,386,933,1292,2883,1251,471,651
"242",91387,"ZCTA5 91387",21270,71,1414,2184,507,2752,1011,1010,1544,2439,4674,1743,906,1015
"243",91708,"ZCTA5 91708",1107,0,40,57,98,117,26,22,129,159,229,60,93,77
"244",94121,"ZCTA5 94121",24486,50,780,1310,373,2299,1340,997,2039,5005,5581,2432,1189,1091
"245",94305,"ZCTA5 94305",6507,9,32,161,52,185,40,110,156,700,4296,504,188,74
"246",94403,"ZCTA5 94403",25024,82,1076,2546,506,2076,1057,1310,1792,5538,4972,2087,1270,712
"247",95020,"ZCTA5 95020",31854,1280,3223,3608,934,3907,986,672,1181,3501,6759,3028,1587,1188
"248",95111,"ZCTA5 95111",29942,198,2176,3968,607,3594,1404,714,1340,4199,5681,3769,1748,544
"249",95125,"ZCTA5 95125",28361,157,1397,3813,815,2736,614,1317,1605,5719,5800,1873,1268,1247
"250",95131,"ZCTA5 95131",17306,31,507,4499,368,1269,760,1046,597,3116,2935,1289,484,405
"251",95340,"ZCTA5 95340",13353,457,970,953,303,1489,693,213,762,965,4069,967,786,726
"252",95240,"ZCTA5 95240",19926,2075,1777,2436,477,1900,1030,194,732,1861,3491,1927,1035,991
"253",94019,"ZCTA5 94019",11103,324,712,688,398,1120,425,353,578,2233,1950,1222,546,554
"254",94103,"ZCTA5 94103",16962,14,283,894,228,1855,468,1350,1357,4545,2734,2059,491,684
"255",94501,"ZCTA5 94501",33243,130,1194,2277,644,3104,2280,1319,2217,6033,7738,2861,1905,1541
"256",94002,"ZCTA5 94002",13902,28,504,1619,295,1131,462,917,1137,3700,2744,602,400,363
"257",94107,"ZCTA5 94107",19145,9,194,1364,276,1405,674,1669,1691,6739,2725,1420,554,425
"258",94115,"ZCTA5 94115",21114,136,440,1235,331,1799,585,1513,2356,6614,3307,1787,631,380
"259",94539,"ZCTA5 94539",25023,30,346,5221,808,1422,679,1362,1812,6962,4432,724,677,548
"260",94949,"ZCTA5 94949",9226,0,647,562,175,984,281,336,838,1656,2354,688,314,391
"261",94080,"ZCTA5 94080",37210,73,2000,2228,1092,4343,2684,1019,2863,4787,8194,4515,2230,1182
"262",94402,"ZCTA5 94402",13627,98,553,1148,272,1301,635,596,1396,3262,2410,994,625,337
"263",94560,"ZCTA5 94560",24531,92,1798,4181,690,2493,1021,744,1093,4446,4166,1930,1325,552
"264",94568,"ZCTA5 94568",27938,167,1020,2801,766,2596,1117,1169,2349,7099,5324,1459,961,1110
"265",94086,"ZCTA5 94086",27565,22,664,4874,505,1959,428,2235,1129,9082,3644,1823,660,540
"266",94110,"ZCTA5 94110",47885,184,1932,2479,802,3909,1502,3609,3006,12963,7909,6192,2296,1102
"267",94112,"ZCTA5 94112",46762,131,2555,2611,828,5393,2963,1076,2066,6657,9724,7625,2901,2232
"268",94132,"ZCTA5 94132",16429,74,411,614,181,2140,950,535,1050,2462,3770,2768,1082,392
"269",94533,"ZCTA5 94533",34664,824,2972,3263,847,4454,2253,614,1444,2689,7972,3526,1346,2460
"270",94010,"ZCTA5 94010",21436,20,781,1576,681,1527,1196,1031,2465,4640,4518,1517,719,765
"271",94070,"ZCTA5 94070",16634,15,703,1809,316,1033,570,1214,1759,3986,3498,716,522,493
"272",94538,"ZCTA5 94538",36872,64,1245,5855,683,3790,1509,1119,2131,9278,6064,3059,1419,656
"273",94578,"ZCTA5 94578",20176,64,1562,1911,801,2358,1412,501,1024,2391,4109,2030,1291,722
"274",94580,"ZCTA5 94580",15126,94,1233,1756,362,1764,958,527,1044,1645,3130,1308,634,671
"275",94014,"ZCTA5 94014",28019,80,1434,1694,380,3503,2555,475,1936,3161,5780,4513,1235,1273
"276",94040,"ZCTA5 94040",19591,57,799,2440,439,1186,370,2599,724,5449,3472,1068,651,337
"277",94102,"ZCTA5 94102",17706,12,428,928,146,1723,666,1111,1251,3963,2695,3397,1077,309
"278",94117,"ZCTA5 94117",30905,7,460,1135,464,3041,855,2995,2482,9466,5372,2857,1276,495
"279",94506,"ZCTA5 94506",11685,101,309,1499,513,898,329,557,1576,2376,2156,709,318,344
"280",94509,"ZCTA5 94509",28463,214,2652,2085,589,3613,1639,522,1755,3366,6359,2800,1617,1252
"281",94947,"ZCTA5 94947",13354,48,903,623,306,1532,809,510,1064,2127,2732,1324,831,545
"282",94572,"ZCTA5 94572",4753,35,452,320,79,454,322,103,319,448,1268,505,194,254
"283",94579,"ZCTA5 94579",11162,66,858,1235,327,1491,752,178,743,1098,2167,1172,680,395
"284",94931,"ZCTA5 94931",4629,133,356,452,107,509,292,127,210,588,978,411,269,197
"285",94553,"ZCTA5 94553",26320,256,1868,1816,779,2912,1306,696,2316,3495,6335,1777,1179,1585
"286",94571,"ZCTA5 94571",3424,97,357,258,74,299,281,92,211,386,465,345,182,377
"287",94596,"ZCTA5 94596",11855,98,595,644,392,984,638,274,1400,2481,2374,1187,469,319
"288",94558,"ZCTA5 94558",35411,2041,2347,4749,1161,3611,807,322,1568,3719,7377,4555,1716,1438
"289",94015,"ZCTA5 94015",35842,29,1113,1803,935,4464,3158,834,2607,4474,8303,4605,1939,1578
"290",94043,"ZCTA5 94043",18620,36,526,2359,217,1224,277,2515,654,5019,3429,1138,806,420
"291",94087,"ZCTA5 94087",27624,19,512,5865,485,1645,393,2618,1194,8044,4360,1188,831,470
"292",94116,"ZCTA5 94116",25185,39,754,1438,687,2005,1452,1318,1872,4813,5373,2779,1178,1477
"293",94118,"ZCTA5 94118",24924,99,673,1122,563,2230,822,1579,2104,5672,5121,3111,1048,780
"294",94401,"ZCTA5 94401",19126,47,1217,1369,309,1309,937,808,1413,3324,3668,2677,1443,605
"295",94536,"ZCTA5 94536",37468,45,1548,5273,920,3003,1862,1511,2435,9592,6525,2227,1685,842
"296",94546,"ZCTA5 94546",22359,117,1542,1784,586,2248,1126,724,1609,3433,5246,1652,1197,1095
"297",94547,"ZCTA5 94547",13776,209,565,1324,245,1297,1025,357,935,1876,3563,894,774,712
"298",94566,"ZCTA5 94566",23329,95,817,3314,871,2019,671,1069,1714,5319,3888,2031,830,691
"299",94577,"ZCTA5 94577",24714,87,1765,2303,739,2467,2013,539,1109,3138,5408,2690,1201,1255
"300",94585,"ZCTA5 94585",14289,93,876,1565,340,2061,741,214,688,1407,3371,1280,597,1056
"301",94611,"ZCTA5 94611",21478,77,746,1154,353,1307,670,993,1863,5582,5541,1687,774,731
"302",94022,"ZCTA5 94022",8111,7,158,1290,101,309,130,714,880,2388,1463,343,272,56
"303",94521,"ZCTA5 94521",21516,37,1691,1457,428,2545,829,474,1944,3024,5079,1545,1338,1125
"304",94587,"ZCTA5 94587",38572,85,2084,5719,1159,3681,2321,1111,2212,6847,7867,2792,1529,1165
"305",92688,"ZCTA5 92688",24907,59,988,2797,1097,2857,680,625,2708,3566,4505,2840,1117,1068
"306",92806,"ZCTA5 92806",21305,166,1492,2710,920,1900,903,548,1398,2986,3612,2981,1092,597
"307",92037,"ZCTA5 92037",18267,57,358,1438,326,904,658,423,1783,3925,6048,1355,658,334
"308",92020,"ZCTA5 92020",25235,42,1731,1956,464,3587,1443,197,1375,3344,4815,3529,1461,1291
"309",92027,"ZCTA5 92027",27331,890,2889,2886,1086,3418,1025,494,1143,3155,4772,3149,1894,530
"310",92078,"ZCTA5 92078",22111,314,1109,2607,793,2251,627,483,1399,3437,4756,2316,1236,783
"311",92117,"ZCTA5 92117",30025,154,1490,2212,985,2512,1251,817,1693,5236,6991,4008,1645,1031
"312",92123,"ZCTA5 92123",16585,25,693,1294,404,1398,713,591,997,2932,3783,1862,877,1016
"313",92139,"ZCTA5 92139",16223,80,985,1298,329,2195,803,172,1018,1544,3822,1697,511,1769
"314",92173,"ZCTA5 92173",12737,114,840,1328,524,2136,722,220,628,1390,2494,1386,541,414
"315",92223,"ZCTA5 92223",22721,245,1456,1656,444,2950,1554,506,969,1870,6630,2069,941,1431
"316",92240,"ZCTA5 92240",12646,52,1274,378,116,2063,540,116,454,1633,2747,2050,943,280
"317",92324,"ZCTA5 92324",25227,131,1638,2386,1042,4014,2295,222,1145,2130,6023,1758,1374,1069
"318",92507,"ZCTA5 92507",25733,164,1343,2225,821,3155,1334,317,1281,2372,7867,2982,1078,794
"319",92551,"ZCTA5 92551",13912,161,1145,1068,403,1996,1979,222,608,1231,2873,1020,733,473
"320",92553,"ZCTA5 92553",30779,202,3080,2822,926,4689,3893,387,960,2876,5639,2694,1590,1021
"321",92646,"ZCTA5 92646",28271,87,1701,2651,1108,2965,1050,644,2321,3686,6094,2866,1879,1219
"322",92804,"ZCTA5 92804",41837,329,2866,5499,1641,5271,2183,658,2617,4533,7361,5663,2203,1013
"323",92821,"ZCTA5 92821",19355,103,1094,2103,969,2305,794,283,1894,2067,4656,1458,991,638
"324",92866,"ZCTA5 92866",7918,13,464,701,195,741,128,193,669,1131,1894,1098,452,239
"325",92879,"ZCTA5 92879",22486,62,1600,3140,745,2897,1455,440,1169,1935,4610,2528,950,955
"326",92337,"ZCTA5 92337",18673,125,1296,2058,563,2405,2252,194,760,1271,4292,1864,744,849
"327",92345,"ZCTA5 92345",29247,267,3434,2377,923,4291,3486,374,1050,2302,5400,2487,1525,1331
"328",92376,"ZCTA5 92376",35976,303,2934,4129,1393,5363,5066,257,1257,3141,5549,3306,1924,1354
"329",92503,"ZCTA5 92503",43215,466,4460,5258,1256,5982,2901,500,1847,4042,7398,4831,2582,1692
"330",92532,"ZCTA5 92532",10614,31,1365,789,233,1485,492,257,363,1183,2063,1158,477,718
"331",92114,"ZCTA5 92114",30587,311,1780,2643,439,3506,1646,651,1177,3275,7075,4029,2176,1879
"332",92555,"ZCTA5 92555",19840,138,1366,1336,826,2499,2001,261,970,1783,4995,1464,792,1409
"333",92105,"ZCTA5 92105",32577,90,2872,2535,457,3044,1901,563,1194,4107,5164,6651,2816,1183
"334",92107,"ZCTA5 92107",18821,43,791,918,313,1739,1052,528,1146,3908,3647,2894,1074,768
"335",92115,"ZCTA5 92115",31507,113,1559,1582,558,3728,1138,496,1564,4159,7072,6032,2146,1360
"336",92120,"ZCTA5 92120",14913,24,573,1080,254,1681,583,355,975,2259,3935,1739,573,882
"337",92122,"ZCTA5 92122",25182,66,503,2626,486,1973,639,1075,1589,4844,7625,2228,769,759
"338",92154,"ZCTA5 92154",36142,154,2365,3218,1194,4863,1985,675,1826,3206,7510,4119,2063,2964
"339",92308,"ZCTA5 92308",14555,275,1229,820,172,2409,1530,156,628,1358,3471,1039,574,894
"340",92311,"ZCTA5 92311",11856,150,592,489,186,1457,819,101,429,1347,2300,1975,658,1353
"341",92653,"ZCTA5 92653",15623,69,802,1328,415,2009,573,367,1193,2342,3225,2173,843,284
"342",92692,"ZCTA5 92692",24107,32,1270,2911,773,2261,682,635,2275,4395,5105,1777,1027,964
"343",92703,"ZCTA5 92703",32031,498,3032,5493,704,3750,800,228,1426,4299,4178,4282,2829,512
"344",92807,"ZCTA5 92807",18542,41,1198,2257,616,2132,553,396,1628,2963,3635,1725,625,773
"345",92831,"ZCTA5 92831",19329,99,1035,2292,742,2184,655,453,1233,2151,4080,2928,967,510
"346",92832,"ZCTA5 92832",12000,61,1012,1502,351,1698,336,237,560,1234,2351,1487,771,400
"347",92833,"ZCTA5 92833",25103,32,982,3316,1018,2485,1139,448,1856,3348,5527,2951,1274,727
"348",92064,"ZCTA5 92064",23286,65,1322,2878,523,2414,1017,488,1458,3624,5282,2421,910,884
"349",92069,"ZCTA5 92069",24720,400,2070,3329,543,2551,884,386,1265,3642,4725,2816,1650,459
"350",92126,"ZCTA5 92126",43545,146,1024,7464,835,3807,1571,1410,2544,6669,9669,4091,2364,1951
"351",92130,"ZCTA5 92130",27411,52,302,4293,556,1905,518,1047,2365,7568,5685,1803,693,624
"352",92108,"ZCTA5 92108",12983,16,319,669,346,1230,406,340,1540,2375,2849,1490,460,943
"353",92109,"ZCTA5 92109",32120,13,1381,2072,1087,2411,1065,830,2735,6568,6379,5437,993,1149
"354",92128,"ZCTA5 92128",24866,62,694,3458,471,2334,872,786,2001,4648,6071,1679,593,1197
"355",92264,"ZCTA5 92264",7818,135,308,258,111,870,321,276,600,1206,1484,1608,341,300
"356",92277,"ZCTA5 92277",7079,87,307,156,97,982,219,96,256,536,1541,1078,366,1358
"357",92301,"ZCTA5 92301",10050,71,695,1139,193,1423,1508,58,344,889,1599,1174,522,435
"358",92009,"ZCTA5 92009",23051,123,872,3259,883,2023,463,653,2527,4597,3913,2300,894,544
"359",92014,"ZCTA5 92014",6855,36,533,460,234,210,107,417,607,1822,1617,406,167,239
"360",92057,"ZCTA5 92057",27359,360,1092,3535,652,3567,1092,427,1400,3514,5469,3289,1614,1348
"361",92102,"ZCTA5 92102",22123,315,1533,1105,371,2257,804,286,1096,3440,3817,4486,1627,986
"362",92131,"ZCTA5 92131",16487,0,437,2391,346,1075,537,667,1527,3278,3766,1211,562,690
"363",92203,"ZCTA5 92203",13164,278,1047,448,368,1558,719,251,931,1437,2730,2086,564,747
"364",92374,"ZCTA5 92374",19218,48,996,1367,295,2299,1584,142,817,1450,6133,1757,1158,1172
"365",92563,"ZCTA5 92563",27482,88,2172,2406,600,3679,1215,462,2000,2854,5627,3146,1695,1538
"366",92610,"ZCTA5 92610",8095,37,246,1190,369,604,253,261,817,1359,1508,488,535,428
"367",92649,"ZCTA5 92649",18583,99,841,2350,677,2207,773,401,1675,2425,3948,1469,919,799
"368",92683,"ZCTA5 92683",42960,485,2400,6899,1022,5086,1919,633,2991,4089,7813,4541,3851,1231
"369",92691,"ZCTA5 92691",26914,123,1411,2862,674,2624,832,611,2382,4239,5488,2884,1715,1069
"370",92706,"ZCTA5 92706",16640,142,1245,2185,404,1826,483,85,969,2414,2987,2472,996,432
"371",92648,"ZCTA5 92648",25964,306,1596,3083,782,2627,864,468,2826,3954,4908,2660,1216,674
"372",92841,"ZCTA5 92841",15998,41,1056,3089,509,1880,602,102,1145,1610,2660,1752,1172,380
"373",92868,"ZCTA5 92868",12813,159,972,1545,416,1425,672,189,839,1462,2847,1437,712,138
"374",92071,"ZCTA5 92071",28299,13,2291,2295,612,3466,1162,541,1858,3630,6747,2633,1351,1700
"375",92101,"ZCTA5 92101",22626,25,629,1542,371,1807,489,545,2978,5356,4087,2378,1017,1402
"376",92111,"ZCTA5 92111",24760,61,1268,2037,456,2674,747,718,1344,3398,5777,3471,1451,1358
"377",92127,"ZCTA5 92127",22084,12,405,2757,616,1902,847,1233,1593,5234,4506,1593,718,668
"378",92201,"ZCTA5 92201",27662,790,2479,1091,402,3964,875,227,1116,2778,5287,5589,2088,976
"379",92243,"ZCTA5 92243",17401,1476,755,641,400,2614,964,227,714,1472,4643,1087,625,1783
"380",92211,"ZCTA5 92211",8896,117,462,338,323,990,299,406,901,1225,1608,1388,604,235
"381",92530,"ZCTA5 92530",23398,105,2997,2034,569,3386,1246,348,896,2867,4246,2659,1422,623
"382",92602,"ZCTA5 92602",12280,18,210,2034,354,655,400,367,1804,2398,2552,902,439,147
"383",92835,"ZCTA5 92835",11856,43,359,1809,392,856,205,354,773,1761,3281,1136,446,441
"384",92840,"ZCTA5 92840",27812,160,2057,4089,577,3262,1411,323,1590,2974,5322,3475,1712,860
"385",90745,"ZCTA5 90745",27197,128,1616,3796,1013,2978,1985,425,1056,2565,7151,2332,1402,750
"386",90806,"ZCTA5 90806",18828,140,1088,1767,374,1729,1796,383,793,2227,4225,2249,1393,664
"387",90813,"ZCTA5 90813",24974,139,1658,2638,806,2649,2330,462,831,3025,3896,4154,1717,669
"388",90007,"ZCTA5 90007",17181,76,1023,1491,310,1608,852,475,658,1816,5351,1973,1309,239
"389",90015,"ZCTA5 90015",11670,57,557,1464,594,1361,299,447,761,1960,1414,1675,800,281
"390",90003,"ZCTA5 90003",28690,255,2606,4293,1336,3159,2408,252,793,3066,4365,3460,2200,497
"391",90020,"ZCTA5 90020",22279,64,826,1403,833,2714,891,911,1668,2956,3692,4238,1832,251
"392",90023,"ZCTA5 90023",20078,112,1660,3532,1371,2904,1213,201,422,1445,3109,2113,1514,482
"393",90027,"ZCTA5 90027",27204,55,547,906,537,1929,823,4211,1739,3979,4876,4645,2297,660
"394",90039,"ZCTA5 90039",16579,27,491,771,199,1573,459,2015,879,2092,3642,2889,925,617
"395",90045,"ZCTA5 90045",22318,19,586,1379,532,1365,1122,1829,1655,4188,5902,2017,1147,577
"396",90046,"ZCTA5 90046",33986,57,599,1407,658,2900,1218,5506,1965,6202,4356,6842,1803,473
"397",90262,"ZCTA5 90262",29404,91,2530,5073,1235,3790,2619,416,896,2955,4272,3059,1852,616
"398",90220,"ZCTA5 90220",22088,219,1615,3356,610,1942,1906,376,1061,2291,4379,1955,1235,1143
"399",90266,"ZCTA5 90266",16560,60,654,1629,401,806,595,1515,1951,3638,3297,1120,311,583
"400",90292,"ZCTA5 90292",14477,0,254,877,374,828,303,1740,1437,3767,2543,1327,492,535
"401",90505,"ZCTA5 90505",18431,0,514,2496,762,1750,1050,653,1503,3019,3612,1828,849,395
"402",90640,"ZCTA5 90640",28960,88,1741,2882,1413,3889,2540,552,1546,2773,5953,2581,1785,1217
"403",90650,"ZCTA5 90650",48617,415,2665,6262,2538,6256,4059,703,2308,4188,9897,4913,2627,1786
"404",90001,"ZCTA5 90001",23818,187,2593,4551,1227,2507,1999,174,497,1741,3650,2537,1704,451
"405",90012,"ZCTA5 90012",13631,31,362,1094,525,1249,467,935,1040,2175,2622,2052,527,552
"406",90034,"ZCTA5 90034",35889,43,917,1472,605,3201,1168,3219,2409,7780,7819,4273,2235,748
"407",90066,"ZCTA5 90066",34196,172,1130,1839,480,2842,1293,3132,1693,6825,6969,5606,1717,498
"408",90807,"ZCTA5 90807",17069,37,729,1594,579,1469,1297,567,1054,2257,4490,1243,866,887
"409",90810,"ZCTA5 90810",16976,171,1001,2005,414,1753,1818,211,544,1844,3721,1930,975,589
"410",90501,"ZCTA5 90501",21453,52,1058,2503,633,2206,1532,585,1006,3339,4435,2189,977,938
"411",90723,"ZCTA5 90723",24511,140,1695,3260,1195,3518,1839,455,937,2172,4944,2591,1104,661
"412",90803,"ZCTA5 90803",19124,73,625,1569,686,1616,871,763,2219,2815,4415,1735,917,820
"413",90022,"ZCTA5 90022",28562,211,2556,4339,1734,3956,2293,265,653,2355,5077,3110,1245,768
"414",90019,"ZCTA5 90019",35567,130,2491,2121,593,3671,1080,2135,1587,4617,7017,5930,3394,801
"415",90028,"ZCTA5 90028",19554,16,579,651,477,1550,495,2518,1212,2904,2699,4681,1493,279
"416",90037,"ZCTA5 90037",26648,228,2479,3198,741,3085,1772,263,665,3368,4224,3736,2413,476
"417",90041,"ZCTA5 90041",15021,12,517,647,345,1002,651,1271,795,1953,4480,1811,934,603
"418",90057,"ZCTA5 90057",26242,117,3264,4758,556,3017,1068,582,1008,2619,3126,3641,2198,288
"419",90068,"ZCTA5 90068",13323,16,212,609,224,550,285,2509,960,2407,2067,2486,687,311
"420",90210,"ZCTA5 90210",8687,32,179,338,781,643,184,617,1191,1410,1846,887,418,161
"421",90221,"ZCTA5 90221",21006,212,1765,3296,1109,2277,2184,269,486,2054,3341,2133,1451,429
"422",90247,"ZCTA5 90247",22648,23,1351,2632,1045,2446,1769,400,907,2482,4545,2671,1580,797
"423",90274,"ZCTA5 90274",10390,28,332,1159,579,660,446,367,1578,1751,2275,603,338,274
"424",90293,"ZCTA5 90293",8311,15,126,1002,157,529,404,753,655,1667,1511,673,574,245
"425",90301,"ZCTA5 90301",17504,29,970,1582,241,1888,1835,428,762,2092,3068,2668,1419,522
"426",90504,"ZCTA5 90504",16441,30,654,2220,560,1525,1151,568,1159,2133,3076,1702,1175,488
"427",90602,"ZCTA5 90602",11719,51,719,1473,505,1350,789,168,607,1271,2455,1046,646,639
"428",90631,"ZCTA5 90631",34021,296,1924,4210,2180,3880,1637,866,2022,3444,7231,2988,1838,1505
"429",90815,"ZCTA5 90815",19342,59,979,1804,552,1488,942,509,1528,2559,5807,1600,671,844
"430",90291,"ZCTA5 90291",18000,67,409,792,500,1474,234,2484,1369,4455,2656,2556,763,241
"431",90403,"ZCTA5 90403",14873,0,172,724,114,726,213,2084,1293,4378,3211,1414,402,142
"432",90604,"ZCTA5 90604",19433,60,1352,2486,874,2696,1392,258,1104,1755,3992,1750,898,816
"433",90004,"ZCTA5 90004",33874,163,2768,1511,1077,3584,1459,2169,1921,4215,5618,5766,3133,490
"434",90006,"ZCTA5 90006",31758,89,2723,3608,722,3444,1219,640,1351,3775,3798,6298,3590,501
"435",90032,"ZCTA5 90032",22077,125,1406,1894,882,2445,1186,664,962,2389,5261,2774,1342,747
"436",90042,"ZCTA5 90042",33323,80,2506,2211,827,4049,1226,1771,1625,4118,7165,4440,2201,1104
"437",90043,"ZCTA5 90043",20152,21,1086,1215,172,2011,1478,580,1549,2516,4999,1979,1290,1256
"438",90047,"ZCTA5 90047",21446,98,1207,1329,481,1964,2669,432,715,3052,5059,1748,1291,1401
"439",90245,"ZCTA5 90245",8993,20,413,1029,215,668,783,528,919,1533,1543,764,267,311
"440",90277,"ZCTA5 90277",19312,34,891,2005,668,1741,854,878,2093,3272,3727,1756,862,531
"441",90503,"ZCTA5 90503",22117,68,512,3056,746,2025,1403,1001,1735,3531,4322,2112,828,778
"442",90703,"ZCTA5 90703",22542,35,589,2362,961,2228,1442,458,1586,2866,6354,1714,748,1199
"443",90002,"ZCTA5 90002",19665,138,1862,2773,1128,2494,1772,106,410,2057,3004,2112,1406,403
"444",90005,"ZCTA5 90005",21500,56,1482,1694,660,2460,828,569,1159,3114,2687,4388,2084,319
"445",90011,"ZCTA5 90011",46307,327,3978,9823,2726,5724,3506,344,846,4338,5992,4986,3128,589
"446",90026,"ZCTA5 90026",39166,140,1746,3045,949,3915,1550,4098,1534,5269,6800,6541,2649,930
"447",90040,"ZCTA5 90040",5397,29,250,623,375,591,506,79,145,364,1301,621,246,267
"448",90044,"ZCTA5 90044",38484,225,2689,3996,1047,4660,3992,681,1362,4830,6590,4086,3349,977
"449",90701,"ZCTA5 90701",7714,39,472,844,434,851,518,56,500,797,1902,797,385,119
"450",90802,"ZCTA5 90802",23135,100,833,2046,584,1817,1484,775,1708,3519,5042,3143,973,1111
"451",90805,"ZCTA5 90805",41702,383,2480,5088,1265,4890,4626,668,1839,3886,7936,4966,2155,1520
"452",90059,"ZCTA5 90059",17215,219,1083,2378,747,1968,1776,237,502,1814,2923,1814,1188,566
"453",90405,"ZCTA5 90405",16432,55,380,711,378,1063,343,1974,1186,3726,3450,1950,898,318
"454",90706,"ZCTA5 90706",35436,112,2451,3923,1488,4163,3431,597,1568,3407,7994,3261,1782,1259
"455",90018,"ZCTA5 90018",24825,209,1900,1404,400,2576,1567,846,1116,2993,5118,3155,2717,824
"456",90250,"ZCTA5 90250",48491,94,2482,3972,1204,5344,4887,1332,2391,6231,9211,6947,2928,1468
"457",90755,"ZCTA5 90755",6113,11,238,722,230,401,433,125,318,908,1472,530,494,231
"458",91403,"ZCTA5 91403",14832,0,560,745,646,1088,284,1859,1323,2690,2663,1973,827,174
"459",91754,"ZCTA5 91754",15085,42,369,1382,672,1667,1011,356,1148,1705,3316,1875,803,739
"460",91945,"ZCTA5 91945",12237,60,1027,781,351,1442,824,181,551,1417,2593,1508,738,764
"461",91367,"ZCTA5 91367",23577,61,945,1384,477,1924,618,1472,2867,5201,5185,1942,1100,401
"462",91006,"ZCTA5 91006",15611,90,491,1357,1030,1541,728,402,1451,2031,3512,1517,645,816
"463",91737,"ZCTA5 91737",12524,28,930,1090,459,1480,698,248,822,1051,3492,826,546,854
"464",91745,"ZCTA5 91745",25278,75,1150,2756,1638,2604,1633,550,1954,2949,5347,2273,1038,1311
"465",91768,"ZCTA5 91768",14979,158,1234,1728,684,1722,1083,314,636,1604,2833,1520,836,627
"466",91739,"ZCTA5 91739",19937,9,1287,1747,434,2048,942,187,1628,2494,5216,1580,1083,1282
"467",91762,"ZCTA5 91762",27224,206,2681,3793,974,3414,2612,231,938,3012,4475,2569,1339,980
"468",91766,"ZCTA5 91766",31925,324,2902,4220,1354,3463,2945,447,1624,3157,5169,3470,1818,1032
"469",91767,"ZCTA5 91767",22946,292,1593,2566,977,3076,1398,238,679,2599,4950,2596,1225,757
"470",91770,"ZCTA5 91770",28423,41,1596,3430,1232,3219,1836,563,1593,2591,5642,3311,2236,1133
"471",91911,"ZCTA5 91911",37389,120,3266,3373,953,4796,2339,484,1896,3486,8126,4022,1998,2530
"472",91941,"ZCTA5 91941",15547,56,1015,961,376,1780,561,334,952,2290,3817,1394,912,1099
"473",91901,"ZCTA5 91901",8908,28,930,725,194,1037,639,143,658,1166,1544,705,485,654
"474",91932,"ZCTA5 91932",11608,26,890,724,270,1615,822,146,595,1297,1981,1777,612,853
"475",91384,"ZCTA5 91384",11431,70,476,1239,347,981,910,544,917,1131,2396,1138,419,863
"476",91405,"ZCTA5 91405",27939,91,3000,1830,661,2983,1283,1012,1271,3485,5476,3920,2517,410
"477",91607,"ZCTA5 91607",17109,27,768,729,414,1692,456,2056,1003,2878,3119,2296,1143,528
"478",91701,"ZCTA5 91701",19598,82,1257,1696,844,2265,1465,436,1343,1698,5013,1474,719,1306
"479",91722,"ZCTA5 91722",17550,137,956,2032,864,2041,1221,271,1176,1398,3961,1756,913,824
"480",91748,"ZCTA5 91748",22598,145,888,2292,1302,3198,1529,463,1816,2359,3990,2763,942,911
"481",91761,"ZCTA5 91761",30594,361,1907,3212,1560,3945,3491,518,1756,3252,5294,2527,1212,1559
"482",91324,"ZCTA5 91324",14989,51,872,1237,443,1322,666,569,1356,2207,3781,1217,925,343
"483",91910,"ZCTA5 91910",33586,59,2541,2353,833,3937,1978,806,1799,3738,7780,3777,1689,2296
"484",91304,"ZCTA5 91304",28060,129,2029,2723,506,3115,974,1138,2191,3995,5760,3348,1848,304
"485",91335,"ZCTA5 91335",39809,227,3069,2640,968,4196,1482,1454,2410,5588,9065,4748,3212,750
"486",91342,"ZCTA5 91342",45518,478,4715,5298,1127,5114,2714,1331,3004,4451,9359,3784,2426,1717
"487",91343,"ZCTA5 91343",31375,177,2276,2883,879,3620,1223,1218,1980,3761,6880,3626,2232,620
"488",91001,"ZCTA5 91001",19565,22,815,884,420,1752,740,1078,1166,2932,5326,2328,1215,887
"489",91362,"ZCTA5 91362",18260,53,667,1980,540,1429,213,921,2295,2939,3643,2279,715,586
"490",91202,"ZCTA5 91202",11372,12,410,639,368,1044,638,686,923,1816,2742,966,518,610
"491",91311,"ZCTA5 91311",21314,101,980,1740,519,2331,903,884,2028,2910,5417,1565,1397,539
"492",91344,"ZCTA5 91344",26641,152,1209,2487,492,2646,1386,1275,2522,3524,6248,1780,1847,1073
"493",91730,"ZCTA5 91730",33733,137,1854,3220,1176,4195,3022,509,2017,3007,8514,3082,1414,1586
"494",91764,"ZCTA5 91764",26671,50,2193,3295,1103,3274,3054,351,951,2688,4833,2664,1342,873
"495",91775,"ZCTA5 91775",11731,26,490,796,323,1065,666,345,1251,1731,2954,982,689,413
"496",91790,"ZCTA5 91790",21748,214,1187,2375,945,2870,1094,477,1177,2119,5356,1881,955,1098
"497",95207,"ZCTA5 95207",20357,492,1476,1335,510,3013,1401,277,1228,1993,4991,1605,1024,1012
"498",95358,"ZCTA5 95358",13085,1114,1756,1561,549,1560,791,128,578,1440,2072,761,498,277
"499",95370,"ZCTA5 95370",11396,384,781,556,161,1291,485,177,537,1109,2762,1433,820,900
"500",95825,"ZCTA5 95825",16379,51,862,607,211,1914,1120,374,1108,1746,4227,2100,941,1118
"501",95315,"ZCTA5 95315",5639,797,364,1053,280,563,525,20,129,351,774,276,310,197
"502",95841,"ZCTA5 95841",9810,47,693,419,209,1646,455,230,602,1348,2110,851,829,371
"503",95628,"ZCTA5 95628",19544,315,1277,939,556,1947,912,247,1668,2710,4163,1766,979,2065
"504",95703,"ZCTA5 95703",406,0,15,22,0,91,44,12,14,69,84,0,24,31
"505",95762,"ZCTA5 95762",18790,105,710,1731,424,1875,750,663,2058,2921,3900,1227,807,1619
"506",95926,"ZCTA5 95926",18291,372,804,931,203,2549,629,255,910,1980,5250,2762,1030,616
"507",95959,"ZCTA5 95959",7674,186,571,571,200,705,88,152,491,1203,2007,570,396,534
"508",95946,"ZCTA5 95946",3610,55,297,252,57,361,197,0,262,404,898,145,416,266
"509",95337,"ZCTA5 95337",16713,360,1316,1962,695,1900,1624,338,890,1464,3472,1188,674,830
"510",95403,"ZCTA5 95403",22413,273,1791,2736,800,2608,867,197,1164,2620,4495,2091,1530,1241
"511",95454,"ZCTA5 95454",778,12,48,62,34,40,57,0,9,156,193,36,69,62
"512",97211,"ZCTA5 97211",21170,123,978,1561,627,1825,880,589,1134,3725,5508,2281,1076,863
"513",97214,"ZCTA5 97214",17569,65,454,1400,526,1865,327,552,796,3613,4107,2550,809,505
"514",97304,"ZCTA5 97304",14693,889,831,1179,379,1539,291,116,857,1495,3649,925,750,1793
"515",97306,"ZCTA5 97306",15411,301,1006,1416,219,1423,617,245,1006,1656,3815,1027,892,1788
"516",97882,"ZCTA5 97882",2716,370,12,394,69,476,347,7,18,181,394,103,105,240
"517",97330,"ZCTA5 97330",21078,318,587,1822,249,2037,305,295,670,2231,8717,2146,890,811
"518",97345,"ZCTA5 97345",144,5,6,20,0,5,5,0,0,6,49,42,0,6
"519",97401,"ZCTA5 97401",22090,174,804,1217,454,3030,587,502,1357,2307,6704,3278,809,867
"520",97361,"ZCTA5 97361",5431,132,175,303,45,657,239,121,171,432,1900,678,209,369
"521",97365,"ZCTA5 97365",4801,259,300,298,66,577,205,26,162,466,1047,921,182,292
"522",97386,"ZCTA5 97386",4448,252,183,703,19,593,374,2,118,393,967,385,178,281
"523",97402,"ZCTA5 97402",25444,439,1094,3039,770,3602,1059,399,1354,2630,6234,2857,1267,700
"524",97417,"ZCTA5 97417",645,39,14,102,0,22,47,0,3,66,121,193,38,0
"525",97223,"ZCTA5 97223",27416,237,1803,3564,819,3070,1141,523,2085,4044,5453,2346,1345,986
"526",97224,"ZCTA5 97224",17213,97,662,2145,801,2146,919,465,1421,2672,3799,973,600,513
"527",97302,"ZCTA5 97302",18849,186,1057,1351,476,2125,595,209,1345,2094,4866,1452,949,2144
"528",97355,"ZCTA5 97355",12450,679,861,2099,159,1593,578,93,599,744,3266,819,419,541
"529",97381,"ZCTA5 97381",6822,390,466,624,296,699,268,163,273,512,1908,372,335,516
"530",97463,"ZCTA5 97463",1186,197,130,116,0,94,62,0,65,52,188,194,66,22
"531",97213,"ZCTA5 97213",19142,61,948,1422,649,2000,775,591,807,2751,5230,2271,795,842
"532",97217,"ZCTA5 97217",21518,158,659,2217,678,2125,1295,527,941,3432,4887,2638,1097,864
"533",97220,"ZCTA5 97220",15755,173,1118,1510,401,2284,1053,166,990,1949,3456,1257,997,401
"534",97006,"ZCTA5 97006",38967,330,1632,6800,915,4736,1383,1050,2865,5917,7346,3378,1606,1009
"535",97055,"ZCTA5 97055",9251,407,787,979,316,1841,523,147,610,560,1770,505,458,348
"536",97058,"ZCTA5 97058",9247,769,584,815,400,1444,369,144,218,725,2315,703,302,459
"537",97219,"ZCTA5 97219",23449,129,836,2051,616,2005,761,506,1831,4310,6796,1626,1166,816
"538",97230,"ZCTA5 97230",18010,250,987,2175,848,2085,1302,248,1021,2041,4062,1713,770,508
"539",97459,"ZCTA5 97459",5485,230,391,223,94,872,297,113,162,479,1236,700,229,459
"540",97470,"ZCTA5 97470",8290,407,558,795,72,1098,359,138,539,471,2199,760,384,510
"541",97478,"ZCTA5 97478",18393,588,1285,2173,705,2751,847,277,823,1754,4064,1415,959,752
"542",97502,"ZCTA5 97502",12751,270,1073,1243,373,2094,706,92,662,1062,2550,1375,614,637
"543",97524,"ZCTA5 97524",6361,347,425,912,159,918,277,203,291,420,1565,469,175,200
"544",97527,"ZCTA5 97527",12978,534,883,1339,411,1756,429,53,787,1118,3500,912,754,502
"545",97530,"ZCTA5 97530",2797,180,132,456,61,291,202,21,154,191,651,114,255,89
"546",97222,"ZCTA5 97222",19510,123,1280,2077,742,2444,934,409,1012,2334,4199,2270,995,691
"547",97229,"ZCTA5 97229",33392,116,1258,7437,1029,3095,1260,746,2497,4995,6806,2115,940,1098
"548",97338,"ZCTA5 97338",8899,222,667,937,189,852,282,45,492,621,2210,818,526,1038
"549",97376,"ZCTA5 97376",370,25,22,20,0,72,30,37,8,39,38,29,31,19
"550",97486,"ZCTA5 97486",147,12,72,0,0,0,10,0,0,0,53,0,0,0
"551",97526,"ZCTA5 97526",14240,223,522,1707,278,2094,633,262,715,1840,3212,1480,787,487
"552",97801,"ZCTA5 97801",8363,150,482,1070,137,1133,261,125,254,431,2104,976,332,908
"553",97035,"ZCTA5 97035",13955,65,540,1364,613,1190,385,429,1444,2623,2966,1127,799,410
"554",97051,"ZCTA5 97051",7020,89,450,1083,242,961,411,110,587,640,1352,586,236,273
"555",97454,"ZCTA5 97454",739,19,72,79,21,108,104,5,4,47,155,24,69,32
"556",97477,"ZCTA5 97477",17625,211,931,1979,772,2256,769,322,954,1568,4377,1918,1027,541
"557",97487,"ZCTA5 97487",4005,203,239,583,153,498,210,54,92,353,719,453,263,185
"558",97116,"ZCTA5 97116",12523,332,840,2630,519,1350,479,204,329,1240,2680,913,591,416
"559",97146,"ZCTA5 97146",2860,62,226,155,47,292,113,80,131,325,760,480,85,104
"560",97202,"ZCTA5 97202",25611,94,739,1996,626,2391,1046,800,1855,3842,6779,3571,1046,826
"561",97218,"ZCTA5 97218",8093,103,356,644,265,1009,259,228,443,863,1900,1184,568,271
"562",97303,"ZCTA5 97303",18786,727,1110,1838,427,2513,737,206,1061,1621,4246,1566,799,1935
"563",97007,"ZCTA5 97007",37059,310,1473,6097,1120,4110,1694,861,2683,4359,7810,3708,1494,1340
"564",97540,"ZCTA5 97540",3428,194,178,197,17,429,180,82,82,335,841,649,206,38
"565",97367,"ZCTA5 97367",3843,38,171,103,64,633,191,76,209,223,581,1213,138,203
"566",97392,"ZCTA5 97392",2932,57,406,288,133,484,92,0,172,139,569,150,90,352
"567",97404,"ZCTA5 97404",16187,223,953,1688,497,2019,709,308,947,1873,3927,1581,853,609
"568",97405,"ZCTA5 97405",22421,320,920,1574,505,2808,621,470,1097,2529,7783,2015,1005,774
"569",97439,"ZCTA5 97439",4540,75,273,220,34,786,79,61,294,298,992,1006,259,163
"570",97446,"ZCTA5 97446",2388,166,113,514,215,391,125,8,74,88,332,189,68,105
"571",97447,"ZCTA5 97447",107,26,40,0,0,5,0,0,0,0,0,0,31,5
"572",97479,"ZCTA5 97479",3818,111,235,440,25,512,174,15,108,251,1045,410,237,255
"573",97701,"ZCTA5 97701",34895,693,3272,2608,567,4289,807,878,1829,4186,8535,4117,1766,1348
"574",97741,"ZCTA5 97741",4749,470,312,782,93,614,111,33,91,238,1114,487,125,279
"575",97756,"ZCTA5 97756",18506,424,1848,2036,508,2533,666,260,898,1576,3510,2751,870,626
"576",97015,"ZCTA5 97015",12753,77,890,1388,692,1511,653,217,990,1462,2757,1092,558,466
"577",97123,"ZCTA5 97123",23786,901,1657,4830,722,2494,811,461,1141,3019,4174,1626,942,1008
"578",97138,"ZCTA5 97138",4751,81,389,199,118,872,208,146,346,524,755,736,193,184
"579",97204,"ZCTA5 97204",169,0,7,37,0,28,0,0,0,4,36,35,0,22
"580",97212,"ZCTA5 97212",15778,116,365,1011,368,1253,438,473,1109,3291,3762,2002,872,718
"581",97321,"ZCTA5 97321",12392,306,825,1412,553,1297,559,178,616,1068,3540,610,652,776
"582",97024,"ZCTA5 97024",5365,145,317,351,185,793,602,83,242,645,1133,325,248,296
"583",97060,"ZCTA5 97060",11453,117,1033,1368,451,1576,944,102,394,1026,2412,1180,447,403
"584",97203,"ZCTA5 97203",17629,157,771,1754,593,1792,698,445,1115,2360,4120,1882,1149,793
"585",97206,"ZCTA5 97206",29873,229,1726,2399,1041,3175,1236,760,1571,3776,7421,3628,1865,1046
"586",97209,"ZCTA5 97209",11235,19,800,965,266,1071,360,338,896,2472,2587,785,332,344
"587",97424,"ZCTA5 97424",7304,483,617,1186,219,863,210,80,292,474,1666,631,391,192
"588",97720,"ZCTA5 97720",1598,254,16,26,75,162,187,10,28,82,408,109,79,162
"589",97838,"ZCTA5 97838",11606,1511,702,1467,241,1582,1063,92,250,739,1914,621,657,767
"590",97850,"ZCTA5 97850",7747,351,444,679,133,846,368,146,438,417,2188,640,532,565
"591",97013,"ZCTA5 97013",11590,808,946,1902,591,1418,563,173,602,898,2237,657,444,351
"592",97002,"ZCTA5 97002",2773,236,171,470,79,187,129,19,117,233,736,141,96,159
"593",97914,"ZCTA5 97914",6410,447,466,632,269,852,164,102,283,463,1368,792,183,389
"594",97301,"ZCTA5 97301",23984,1797,1805,2253,475,3164,666,496,997,2363,5033,2437,799,1699
"595",97886,"ZCTA5 97886",603,58,71,123,25,23,25,9,10,55,115,16,20,53
"596",97420,"ZCTA5 97420",11206,571,643,817,137,1608,367,93,431,933,3197,1404,368,637
"597",97232,"ZCTA5 97232",8058,70,141,475,105,928,254,448,585,1411,1924,963,420,334
"598",97333,"ZCTA5 97333",11325,230,278,954,285,1115,352,206,332,1295,3997,1306,469,506
"599",97267,"ZCTA5 97267",16064,89,1029,2284,762,1927,921,321,1173,1637,3400,1200,722,599
"600",97501,"ZCTA5 97501",20526,1015,1480,1825,382,2815,834,284,774,1296,4886,2709,1371,855
"601",97086,"ZCTA5 97086",15706,99,1067,1549,448,1524,625,227,1488,1409,4399,1238,895,738
"602",97317,"ZCTA5 97317",10986,410,1072,1049,379,1373,478,10,639,704,2675,953,529,715
"603",97322,"ZCTA5 97322",16416,429,1277,2418,426,1950,712,139,835,1095,3908,1536,827,864
"604",97471,"ZCTA5 97471",11830,565,553,1000,226,1579,460,205,466,993,3286,1021,784,692
"605",97031,"ZCTA5 97031",9809,1368,650,892,349,899,501,179,255,802,2154,1148,334,278
"606",96815,"ZCTA5 96815",14080,23,582,316,226,1754,841,165,1146,1962,2631,2573,668,1193
"607",96002,"ZCTA5 96002",13988,82,918,778,331,1971,569,222,793,1239,3697,1570,809,1009
"608",96019,"ZCTA5 96019",4249,98,310,186,84,725,180,131,189,455,1063,358,145,325
"609",96001,"ZCTA5 96001",14922,178,1153,868,155,1630,568,272,1075,1541,4109,1592,749,1032
"610",96007,"ZCTA5 96007",8647,231,808,396,178,1421,547,120,398,753,1978,943,441,433
"611",94131,"ZCTA5 94131",17796,32,429,986,260,915,496,1387,1758,4847,3679,1520,802,685
"612",94806,"ZCTA5 94806",30684,195,3392,1395,748,3813,2333,639,1066,3554,6465,3678,2151,1255
"613",94063,"ZCTA5 94063",17880,194,1770,1408,361,1545,629,702,683,3615,2825,2405,1355,388
"614",94531,"ZCTA5 94531",20992,53,1434,1309,354,2867,1418,478,1398,2423,5349,1751,1041,1117
"615",94534,"ZCTA5 94534",19355,169,865,1721,218,1963,1447,492,1617,1938,5295,1295,670,1665
"616",94551,"ZCTA5 94551",25100,171,1783,2359,777,3045,1158,782,1936,4901,4127,2020,1172,869
"617",94597,"ZCTA5 94597",12794,27,336,771,260,984,653,524,1716,2902,2642,953,616,410
"618",95692,"ZCTA5 95692",2250,89,135,73,88,214,192,55,119,223,557,185,121,199
"619",95742,"ZCTA5 95742",5888,0,159,558,57,688,148,92,463,776,1288,313,241,1105
"620",95961,"ZCTA5 95961",10532,502,903,579,309,1542,391,304,259,1292,2039,1085,301,1026
"621",95121,"ZCTA5 95121",19397,133,1123,3816,356,1885,946,451,857,2425,3844,1731,1212,618
"622",95054,"ZCTA5 95054",14200,46,179,2966,109,913,402,1578,410,4420,1799,990,215,173
"623",95219,"ZCTA5 95219",14233,120,703,762,383,1514,822,347,1123,1175,4364,1370,458,1092
"624",95355,"ZCTA5 95355",25389,247,1724,2581,1037,2909,1466,237,896,2301,7478,2024,1407,1082
"625",95139,"ZCTA5 95139",3638,7,387,750,113,272,62,98,238,466,846,132,124,143
"626",95635,"ZCTA5 95635",489,16,0,122,15,104,5,0,61,24,110,9,20,3
"627",95377,"ZCTA5 95377",16479,53,1375,2063,466,2039,1589,335,856,1938,2959,1409,411,986
"628",95757,"ZCTA5 95757",21665,484,613,1094,577,1671,1527,461,1567,1930,5564,1422,958,3797
"629",95610,"ZCTA5 95610",22663,76,1540,1200,690,3313,1020,392,1787,2573,4444,2972,1072,1584
"630",95616,"ZCTA5 95616",23350,216,309,947,212,1355,557,353,904,2749,10210,3551,626,1361
"631",93030,"ZCTA5 93030",28133,4048,1384,3114,994,3223,1153,273,1233,2381,4810,2727,1195,1598
"632",93274,"ZCTA5 93274",29203,4043,1535,2801,1188,3760,1794,222,805,1948,5564,2310,1264,1969
"633",93455,"ZCTA5 93455",21479,939,1676,1557,386,2280,1035,407,1019,1952,5226,1956,1402,1644
"634",93638,"ZCTA5 93638",19460,5650,1270,2148,313,2126,820,81,304,988,2634,1568,994,564
"635",93711,"ZCTA5 93711",18459,434,865,1069,526,2301,965,385,1506,1951,5265,1227,628,1337
"636",93720,"ZCTA5 93720",22910,277,1036,1088,724,2181,774,438,2240,2230,7541,1946,743,1692
"637",93291,"ZCTA5 93291",22727,1683,802,2255,774,2249,877,246,859,1873,6460,1854,1219,1576
"638",93304,"ZCTA5 93304",19293,2306,1689,808,627,3418,1163,142,370,1751,3397,2431,760,431
"639",93306,"ZCTA5 93306",28741,4289,2300,1411,817,2973,1455,200,1284,2206,6435,2719,1470,1182
"640",93307,"ZCTA5 93307",30669,5822,2273,1933,854,3544,1517,303,829,2551,5263,3056,1873,851
"641",93420,"ZCTA5 93420",13703,315,1206,729,267,1275,908,175,1028,1408,3300,1556,688,848
"642",93454,"ZCTA5 93454",18239,4306,1070,1243,611,1773,761,197,573,1438,3002,1517,772,976
"643",93458,"ZCTA5 93458",25104,9312,1389,1309,646,2205,800,195,595,1553,3260,2089,1098,653
"644",93536,"ZCTA5 93536",27974,207,2095,3488,225,2509,1382,537,1383,2263,7584,2237,1340,2724
"645",93505,"ZCTA5 93505",3618,43,311,236,67,263,161,61,235,313,650,407,237,634
"646",93552,"ZCTA5 93552",15809,109,1664,1843,365,2506,1019,403,517,1461,2919,1575,850,578
"647",93657,"ZCTA5 93657",14160,2340,670,1199,589,1574,775,199,608,678,3155,556,704,1113
"648",93703,"ZCTA5 93703",11895,665,916,1094,450,1483,472,172,415,1128,2328,1506,651,615
"649",93654,"ZCTA5 93654",12091,3150,434,1035,525,1058,430,98,358,695,2774,679,336,519
"650",93035,"ZCTA5 93035",15051,394,928,1665,364,1398,844,292,1364,1550,3007,1532,712,1001
"651",93203,"ZCTA5 93203",8526,4273,410,202,298,843,388,18,49,274,1031,335,306,99
"652",93010,"ZCTA5 93010",21991,410,1059,1936,614,2330,816,404,1608,2377,5300,2233,1055,1849
"653",93015,"ZCTA5 93015",8209,1020,654,843,168,578,284,140,284,740,1599,888,528,483
"654",93277,"ZCTA5 93277",22616,915,1265,1724,782,2835,891,227,1207,1579,6255,2090,1048,1798
"655",93313,"ZCTA5 93313",23062,2706,1871,1262,727,3082,1536,368,1035,1348,4711,2376,881,1159
"656",93405,"ZCTA5 93405",13882,265,680,598,131,1967,367,170,430,1350,4010,3003,581,330
"657",93433,"ZCTA5 93433",6251,0,544,328,178,621,389,189,228,743,1719,835,247,230
"658",93550,"ZCTA5 93550",28334,444,2693,3078,774,3785,1848,498,1202,2626,5856,3189,1654,687
"659",93551,"ZCTA5 93551",22856,281,1338,2898,564,1954,947,541,1313,2142,5896,1426,1240,2316
"660",93602,"ZCTA5 93602",1501,61,93,20,12,147,146,28,73,212,420,125,22,142
"661",93610,"ZCTA5 93610",5901,898,518,472,60,449,278,37,227,411,1226,548,257,520
"662",93726,"ZCTA5 93726",17224,200,589,1228,612,1920,548,190,1017,1922,4418,2503,1109,968
"663",93906,"ZCTA5 93906",29677,4236,1999,1938,1099,3333,1448,319,884,2168,6412,3008,1428,1405
"664",93705,"ZCTA5 93705",13806,330,1031,1311,530,1372,834,215,890,1331,2805,1584,976,597
"665",93706,"ZCTA5 93706",13001,2783,746,1187,556,1319,583,184,232,1068,2247,665,691,740
"666",93065,"ZCTA5 93065",37662,223,2294,4143,827,4299,1234,1439,4437,4811,7412,3291,1959,1293
"667",93905,"ZCTA5 93905",24195,10422,1373,1281,683,1700,894,124,318,1244,2865,1640,891,760
"668",93060,"ZCTA5 93060",14815,2040,1087,1517,845,1551,690,96,484,1139,2615,1127,995,629
"669",93280,"ZCTA5 93280",8541,3234,233,465,344,813,595,0,59,695,905,683,226,289
"670",93301,"ZCTA5 93301",4441,216,354,101,83,545,164,74,158,698,1228,573,123,124
"671",93308,"ZCTA5 93308",19829,1562,1570,767,677,2395,1344,171,665,2281,4075,1804,1235,1283
"672",93063,"ZCTA5 93063",29035,211,2113,3191,599,3489,968,989,3406,3261,5224,2562,1852,1170
"673",93446,"ZCTA5 93446",21787,1282,2298,2701,462,2702,923,253,940,1776,3519,2233,1272,1426
"674",93230,"ZCTA5 93230",27726,3317,1026,2067,671,3003,1087,339,989,1650,6769,2129,1244,3435
"675",93722,"ZCTA5 93722",35914,976,2160,2399,1009,4383,2579,435,1529,2847,9127,3825,2037,2608
"676",93535,"ZCTA5 93535",23696,361,1715,1977,594,3304,1684,620,850,1959,6304,1773,1190,1365
"677",93625,"ZCTA5 93625",3342,456,149,218,120,481,159,25,113,265,833,142,109,272
"678",93631,"ZCTA5 93631",7125,637,497,485,355,875,476,17,372,464,1568,371,543,465
"679",93003,"ZCTA5 93003",24593,438,1387,1628,699,2788,1211,388,1455,3127,5604,2874,1161,1833
"680",93023,"ZCTA5 93023",9995,322,519,479,109,710,411,349,620,1537,2509,1407,684,339
"681",93245,"ZCTA5 93245",15015,1089,614,1145,293,1368,807,114,468,1036,2947,1632,298,3204
"682",93727,"ZCTA5 93727",33311,1208,2284,2914,1108,3552,2098,472,1123,3209,8337,3063,1638,2305
"683",93723,"ZCTA5 93723",6084,665,482,427,222,484,475,110,207,420,1305,289,282,716
"684",95828,"ZCTA5 95828",23879,221,1525,1598,657,2459,1775,428,1228,2111,5510,2831,1495,2041
"685",95842,"ZCTA5 95842",13795,109,1115,586,452,2285,853,222,757,1402,2785,1738,736,755
"686",95901,"ZCTA5 95901",13129,501,1271,806,263,1755,685,191,643,1015,3048,1250,480,1221
"687",95973,"ZCTA5 95973",17614,547,1167,1217,375,2195,465,362,1147,1904,5386,1572,736,541
"688",95630,"ZCTA5 95630",34974,162,1451,4582,757,3204,998,501,3620,4953,7666,2328,1192,3560
"689",95010,"ZCTA5 95010",4804,0,318,252,132,666,144,96,365,559,1313,638,191,130
"690",95076,"ZCTA5 95076",38865,6880,2790,3361,1924,4692,1324,362,1299,2981,7242,2966,1659,1385
"691",95129,"ZCTA5 95129",19374,20,703,5036,403,1181,306,1191,1022,4527,3265,957,556,207
"692",95648,"ZCTA5 95648",20879,228,1472,1502,427,2647,967,479,1840,2390,4472,1953,889,1613
"693",95670,"ZCTA5 95670",26354,35,1674,1541,806,2744,1412,479,2640,3771,4938,2671,1130,2513
"694",95688,"ZCTA5 95688",17679,410,2016,1475,472,1790,855,211,802,1885,3982,1671,587,1523
"695",95814,"ZCTA5 95814",5349,27,136,159,71,381,107,94,467,1092,1013,630,237,935
"696",95687,"ZCTA5 95687",28802,190,2571,2085,751,3465,1754,489,1745,2623,6076,2731,1504,2818
"697",95747,"ZCTA5 95747",29669,97,1427,1669,759,3164,1330,744,2894,3703,7546,2372,1158,2806
"698",95954,"ZCTA5 95954",4931,61,359,290,79,1098,131,52,171,351,1185,576,298,280
"699",95138,"ZCTA5 95138",10964,39,222,2517,199,918,397,403,538,2128,2387,445,357,414
"700",95336,"ZCTA5 95336",19299,424,1767,1995,867,2494,1688,384,977,1977,3767,1294,961,704
"701",95350,"ZCTA5 95350",21552,465,1623,1970,809,3069,1110,144,934,2187,5065,2243,1075,858
"702",95521,"ZCTA5 95521",10698,486,260,467,96,1546,292,183,349,1123,3233,1589,478,596
"703",95682,"ZCTA5 95682",13232,105,1100,1030,199,1467,438,388,1151,1912,2479,1117,883,963
"704",95662,"ZCTA5 95662",15477,117,1668,1144,436,2154,575,221,1497,1481,2731,1196,1058,1199
"705",95678,"ZCTA5 95678",21513,46,1373,1020,783,2520,995,450,1990,2751,4774,2438,1018,1355
"706",98595,"ZCTA5 98595",1001,64,45,228,39,136,66,0,50,40,107,69,5,152
"707",98597,"ZCTA5 98597",9602,154,954,427,140,1478,616,279,318,823,1686,848,307,1572
"708",98662,"ZCTA5 98662",15034,84,1335,1776,397,2043,1223,193,896,1552,2818,1280,757,680
"709",98685,"ZCTA5 98685",13434,9,992,1220,789,1243,978,108,1147,1349,3534,941,560,564
"710",98801,"ZCTA5 98801",20151,2177,939,1071,753,2383,1223,337,723,1706,5150,1795,972,922
"711",98226,"ZCTA5 98226",21649,333,1449,2320,584,2897,918,352,1126,2059,5517,1839,1055,1200
"712",98271,"ZCTA5 98271",13747,136,1418,2710,454,1572,782,267,598,846,2376,1394,461,733
"713",98337,"ZCTA5 98337",3340,30,35,291,59,459,131,42,188,335,682,549,195,344
"714",98338,"ZCTA5 98338",12146,97,1467,1456,417,1503,967,61,453,1142,2098,1080,595,810
"715",98346,"ZCTA5 98346",4403,20,551,384,85,461,85,117,221,584,800,543,268,284
"716",99019,"ZCTA5 99019",5397,78,207,547,269,714,231,123,562,585,1192,268,366,255
"717",99202,"ZCTA5 99202",8385,163,569,692,184,939,381,161,457,702,2266,1195,348,328
"718",99217,"ZCTA5 99217",7830,110,584,635,459,1091,435,185,475,776,1578,757,428,317
"719",96765,"ZCTA5 96765",239,19,0,0,0,31,12,0,17,26,27,107,0,0
"720",99141,"ZCTA5 99141",2008,144,108,255,12,400,58,14,111,116,412,103,62,213
"721",99223,"ZCTA5 99223",14422,52,622,1112,633,1374,453,250,1441,1569,4369,1039,669,839
"722",99337,"ZCTA5 99337",13546,396,1493,987,293,1676,780,139,421,1746,3357,1194,529,535
"723",99021,"ZCTA5 99021",4122,81,311,282,60,527,239,60,249,464,1170,266,233,180
"724",99206,"ZCTA5 99206",18098,155,1569,1633,942,2198,891,137,1243,1716,4637,1354,912,711
"725",99216,"ZCTA5 99216",12605,85,973,1392,361,2207,600,246,722,1209,2586,1304,470,450
"726",97603,"ZCTA5 97603",11274,652,663,1276,156,1443,630,73,356,809,2873,1109,545,689
"727",97633,"ZCTA5 97633",574,198,16,31,70,39,23,0,19,0,115,37,15,11
"728",97233,"ZCTA5 97233",17924,331,952,2033,740,1864,1267,174,607,1822,3752,2711,1030,641
"729",97236,"ZCTA5 97236",18180,160,1497,2195,849,2098,1006,303,831,1579,3729,2604,1156,173
"730",97305,"ZCTA5 97305",18509,1821,1450,2291,268,2784,729,122,606,1690,3468,1342,827,1111
"731",97008,"ZCTA5 97008",15607,164,1159,1624,407,1857,565,251,1214,2540,2949,1486,883,508
"732",97027,"ZCTA5 97027",5945,61,383,749,252,662,391,53,201,715,1249,750,335,144
"733",97045,"ZCTA5 97045",27236,450,2428,3174,1078,3455,1701,382,1504,2832,5503,2078,1427,1224
"734",97062,"ZCTA5 97062",15736,91,801,2189,576,1684,655,309,1479,2347,2928,1524,609,544
"735",97068,"ZCTA5 97068",14590,139,598,1573,445,1323,539,306,1474,2284,3576,1094,766,473
"736",97108,"ZCTA5 97108",213,68,19,8,0,11,0,0,0,9,36,19,0,43
"737",97124,"ZCTA5 97124",29398,436,1684,8170,838,2294,899,577,1696,3213,5056,2267,982,1286
"738",97128,"ZCTA5 97128",16634,1197,654,2903,382,1877,562,69,918,1603,3723,1341,576,829
"739",97030,"ZCTA5 97030",17706,426,1150,1861,522,2174,1371,283,1194,1646,3923,1795,809,552
"740",97141,"ZCTA5 97141",5555,542,364,731,59,629,370,59,216,311,1185,608,160,321
"741",97201,"ZCTA5 97201",9367,28,196,687,299,828,222,107,671,1633,2843,1116,396,341
"742",97034,"ZCTA5 97034",8881,38,305,750,440,783,184,217,1214,1667,2107,470,454,252
"743",97103,"ZCTA5 97103",7956,400,468,791,71,1263,333,63,310,446,2004,1151,273,383
"744",97080,"ZCTA5 97080",21935,161,1448,2566,759,2704,1390,244,1730,2243,4968,1856,1103,763
"745",99208,"ZCTA5 99208",24337,305,1261,1487,843,2778,1455,264,1608,2136,6751,3006,1179,1264
"746",99338,"ZCTA5 99338",7409,198,744,373,116,834,287,141,267,1577,1796,383,261,432
"747",97225,"ZCTA5 97225",14480,77,761,1886,390,1476,508,318,1635,2257,3339,888,437,508
"748",97504,"ZCTA5 97504",20788,215,1311,1314,353,2970,999,526,1340,1900,5688,2177,889,1106
"749",97702,"ZCTA5 97702",23410,506,2014,1411,539,3067,641,922,1595,2731,4825,3311,1141,707
"750",96124,"ZCTA5 96124",113,4,18,0,0,0,27,0,0,7,22,8,10,17
"751",99353,"ZCTA5 99353",7259,123,693,441,73,771,477,49,245,1617,1547,416,245,562
"752",98408,"ZCTA5 98408",9687,62,669,1017,292,1435,668,222,430,853,1863,851,591,734
"753",98409,"ZCTA5 98409",13237,61,1013,900,386,1550,836,167,717,1345,3171,1558,821,712
"754",98445,"ZCTA5 98445",14738,48,1278,1459,381,1918,1268,223,734,1121,3322,1425,532,1029
"755",98506,"ZCTA5 98506",8420,179,460,511,127,831,241,141,398,829,2029,582,536,1556
"756",98513,"ZCTA5 98513",15217,166,1262,788,336,1534,765,248,720,1527,3151,1551,502,2667
"757",98855,"ZCTA5 98855",2528,507,166,132,72,366,113,10,129,138,543,152,110,90
"758",98926,"ZCTA5 98926",15985,610,1042,668,277,1667,765,330,465,1123,5453,1965,730,890
"759",98166,"ZCTA5 98166",11426,23,1048,1400,506,971,653,150,692,1636,2183,1137,726,301
"760",98237,"ZCTA5 98237",1650,72,253,165,32,162,102,34,44,157,354,154,52,69
"761",98284,"ZCTA5 98284",12906,217,1235,1995,267,1366,693,112,641,905,2657,1382,840,596
"762",96067,"ZCTA5 96067",3015,138,185,85,90,582,39,128,98,254,842,276,177,121
"763",98611,"ZCTA5 98611",3619,99,348,707,79,390,214,0,145,167,969,211,162,128
"764",98632,"ZCTA5 98632",20811,379,1527,3156,441,2371,886,255,1039,1876,4680,1923,1326,952
"765",98640,"ZCTA5 98640",1071,226,0,31,11,188,80,35,30,65,195,142,40,28
"766",98683,"ZCTA5 98683",15952,37,920,1741,457,2094,1033,340,1630,1811,3298,1380,712,499
"767",98684,"ZCTA5 98684",14318,45,1168,1597,293,1513,1065,225,960,2360,2591,1171,810,520
"768",98055,"ZCTA5 98055",13611,27,779,1528,325,1746,749,224,976,2031,2911,1254,632,429
"769",98065,"ZCTA5 98065",8008,26,610,731,216,1028,367,382,481,1629,1536,485,216,301
"770",98103,"ZCTA5 98103",34977,137,1127,2530,914,3747,617,1555,1638,8516,8606,3105,1739,746
"771",98112,"ZCTA5 98112",15176,117,371,718,212,1380,255,539,1235,4098,3846,1298,733,374
"772",98144,"ZCTA5 98144",19199,165,624,1150,259,1857,964,953,895,3732,3719,2902,1309,670
"773",98208,"ZCTA5 98208",30271,132,2202,6368,588,3313,1420,599,1872,3029,5910,2680,1308,850
"774",98221,"ZCTA5 98221",8955,201,544,993,169,1028,461,89,378,910,2197,1090,451,444
"775",98004,"ZCTA5 98004",19058,2,316,1279,430,2398,334,1575,1651,6517,2652,942,566,396
"776",98006,"ZCTA5 98006",18546,58,463,1492,570,2636,605,901,1337,4027,3768,1652,663,374
"777",98007,"ZCTA5 98007",15985,170,404,1108,225,1517,635,869,601,5990,2352,1380,530,204
"778",98011,"ZCTA5 98011",18053,158,1031,1979,635,2132,383,648,1022,3728,3604,1571,598,564
"779",98019,"ZCTA5 98019",6729,133,473,697,304,694,171,238,372,1219,1136,866,172,254
"780",98031,"ZCTA5 98031",19169,94,1304,2371,561,2348,1879,250,875,2058,3727,1853,1116,733
"781",98034,"ZCTA5 98034",23956,69,1283,2504,659,2562,648,811,1541,6124,4276,1701,1202,576
"782",98072,"ZCTA5 98072",12391,55,596,1666,343,1386,506,529,759,2623,2141,911,454,422
"783",98104,"ZCTA5 98104",7342,38,177,320,108,903,211,341,415,1697,1364,1270,351,147
"784",98107,"ZCTA5 98107",18303,62,620,1114,248,2817,578,996,1309,4200,3327,1702,991,339
"785",98168,"ZCTA5 98168",16251,25,1415,1763,743,1914,1363,256,479,1511,3142,2289,952,399
"786",98177,"ZCTA5 98177",11184,92,403,747,321,994,424,404,1120,1913,2858,845,516,547
"787",98223,"ZCTA5 98223",20850,289,2212,3865,326,2738,918,299,905,1463,3820,1960,886,1169
"788",98250,"ZCTA5 98250",3985,83,521,128,47,378,221,124,264,461,680,617,248,213
"789",98275,"ZCTA5 98275",10735,152,510,2541,171,1237,424,251,748,1296,1844,842,318,401
"790",98296,"ZCTA5 98296",15775,88,1302,2303,318,1386,777,499,1423,2168,3116,939,688,768
"791",99301,"ZCTA5 99301",35577,4867,2630,3499,1076,3578,2084,251,997,3993,6307,3273,1454,1568
"792",99207,"ZCTA5 99207",13216,52,732,1263,467,2133,656,149,737,1022,2976,2032,544,453
"793",99336,"ZCTA5 99336",21344,1149,1859,1632,432,3172,984,402,875,2531,4083,2354,873,998
"794",99163,"ZCTA5 99163",15992,293,282,1349,104,1262,271,237,434,1119,7387,2365,545,344
"795",99354,"ZCTA5 99354",10891,51,901,602,85,1297,664,226,222,2427,2457,917,573,469
"796",98372,"ZCTA5 98372",12540,62,1333,1352,477,1821,991,148,604,958,2544,928,661,661
"797",98373,"ZCTA5 98373",12186,98,1246,1410,409,1336,800,190,556,775,2989,1218,601,558
"798",98375,"ZCTA5 98375",13995,72,1210,1664,482,1685,995,265,836,1209,3028,908,697,944
"799",98446,"ZCTA5 98446",4981,53,440,598,131,471,343,53,194,547,1198,500,271,182
"800",98516,"ZCTA5 98516",10588,216,569,516,251,1377,437,115,481,1483,2817,527,411,1388
"801",98550,"ZCTA5 98550",4081,117,308,429,133,617,252,113,160,202,980,251,210,309
"802",98607,"ZCTA5 98607",15825,26,902,2175,614,1224,762,227,1259,2173,3723,1366,803,571
"803",98671,"ZCTA5 98671",10871,52,933,1317,288,1358,927,317,662,1158,2108,851,404,496
"804",98664,"ZCTA5 98664",10952,7,941,1160,339,1277,619,254,723,1177,2520,1165,481,289
"805",98682,"ZCTA5 98682",29131,270,2704,3511,963,3273,2236,405,1566,2613,6436,2577,1464,1113
"806",98837,"ZCTA5 98837",18523,1795,742,3668,410,1682,1040,306,966,1312,3580,1377,738,907
"807",98022,"ZCTA5 98022",10594,337,987,1147,494,1165,707,221,511,884,2160,932,629,420
"808",98023,"ZCTA5 98023",25320,31,1892,2637,947,2897,2698,460,1226,3031,4596,2548,1243,1114
"809",98026,"ZCTA5 98026",20588,141,1457,2287,605,3224,840,539,1562,2757,4393,1482,827,474
"810",98027,"ZCTA5 98027",16172,67,627,1177,497,2291,745,753,967,3120,2928,1938,603,459
"811",98029,"ZCTA5 98029",14771,29,310,1307,396,2130,355,749,1111,4210,2357,930,627,260
"812",98036,"ZCTA5 98036",20702,59,1545,1916,406,2734,893,455,1359,2861,5207,1652,1042,573
"813",98058,"ZCTA5 98058",22940,131,1233,3059,907,2686,1210,456,1429,2833,5167,1815,1315,699
"814",98117,"ZCTA5 98117",20496,58,895,1506,352,2351,757,839,1314,4572,4183,2094,916,659
"815",98119,"ZCTA5 98119",16396,38,327,1239,411,2082,471,709,1297,4096,2703,1825,811,387
"816",98121,"ZCTA5 98121",13638,60,233,831,214,2855,324,682,1217,4153,1429,1042,294,304
"817",98155,"ZCTA5 98155",18936,103,1055,1677,515,1752,555,420,1297,3006,5025,1926,1005,600
"818",98225,"ZCTA5 98225",26360,257,1226,1948,666,3565,786,631,972,2611,7068,4082,1548,1000
"819",98188,"ZCTA5 98188",13695,92,829,1193,464,1752,2024,214,553,1688,2147,1652,669,418
"820",98203,"ZCTA5 98203",18031,214,1559,3697,252,1893,803,338,848,2073,3200,1567,819,768
"821",98362,"ZCTA5 98362",9922,313,743,609,203,1220,718,103,462,584,2560,1103,550,754
"822",98366,"ZCTA5 98366",14719,63,1218,1604,271,2117,687,189,516,1154,3315,1488,719,1378
"823",98383,"ZCTA5 98383",9472,56,307,1035,261,942,416,126,388,910,2353,996,543,1139
"824",98593,"ZCTA5 98593",396,28,34,84,20,67,31,0,10,20,45,19,22,16
"825",98620,"ZCTA5 98620",2424,36,196,145,0,111,235,42,181,263,584,250,167,214
"826",98404,"ZCTA5 98404",15745,203,1366,1794,537,1856,895,267,490,1833,2857,1924,898,825
"827",98585,"ZCTA5 98585",296,55,22,0,0,28,54,0,11,10,107,0,9,0
"828",98043,"ZCTA5 98043",11773,51,675,1060,223,1440,442,259,720,1521,3048,1140,769,425
"829",98052,"ZCTA5 98052",36427,136,537,3191,956,3744,918,2656,1703,13920,4835,2192,973,666
"830",98092,"ZCTA5 98092",23236,152,2228,2985,909,2899,1974,337,1422,2232,4747,1578,729,1044
"831",98102,"ZCTA5 98102",19393,78,370,1252,398,2684,385,885,1272,5489,3714,1821,607,438
"832",98108,"ZCTA5 98108",12531,25,462,1320,389,1476,902,172,581,1666,2532,1903,714,389
"833",98380,"ZCTA5 98380",1715,19,90,121,101,197,62,0,137,84,243,196,106,359
"834",98604,"ZCTA5 98604",16628,152,2277,1750,342,1922,1327,367,669,1580,3589,1226,800,627
"835",98125,"ZCTA5 98125",23057,154,933,1529,267,3014,628,431,1342,3795,6587,2491,1098,788
"836",98260,"ZCTA5 98260",2457,28,132,292,12,192,106,50,89,322,643,370,159,62
"837",98012,"ZCTA5 98012",33924,71,2116,4966,896,4492,1129,1249,2366,5443,6959,2009,1186,1042
"838",98122,"ZCTA5 98122",25728,118,533,1381,437,2382,609,987,1686,6383,6130,3425,998,659
"839",98198,"ZCTA5 98198",18846,141,1499,2154,716,1774,2070,252,895,1923,3515,2387,1022,498
"840",98661,"ZCTA5 98661",23165,119,1891,2901,610,2645,1486,551,981,2669,4500,2703,1347,762
"841",98126,"ZCTA5 98126",13111,48,502,967,343,1381,679,410,913,2553,2916,1225,551,623
"842",98335,"ZCTA5 98335",11602,63,807,893,209,1247,724,231,753,1221,3150,772,719,813
"843",98465,"ZCTA5 98465",3387,31,205,238,123,442,192,124,351,244,908,319,126,84
"844",98239,"ZCTA5 98239",2804,72,224,163,33,328,205,46,110,431,676,124,109,283
"845",98258,"ZCTA5 98258",16370,24,1898,3163,361,1873,548,363,805,1656,3114,789,731,1045
"846",99006,"ZCTA5 99006",5336,149,595,519,209,613,283,45,281,527,1187,287,418,223
"847",99004,"ZCTA5 99004",10057,370,398,646,238,1045,382,141,529,522,3431,1255,501,599
"848",98030,"ZCTA5 98030",18192,67,1013,1887,715,2390,1758,178,699,2062,4001,2263,619,540
"849",98057,"ZCTA5 98057",7283,0,421,577,383,951,565,186,470,879,1562,749,298,242
"850",98074,"ZCTA5 98074",13879,0,345,1458,340,1503,240,940,876,4636,1778,982,299,482
"851",98075,"ZCTA5 98075",11421,26,267,1139,297,1591,237,566,834,3658,1646,535,383,242
"852",98077,"ZCTA5 98077",6874,48,640,866,281,676,206,299,434,1535,1185,326,229,149
"853",98087,"ZCTA5 98087",20924,0,1715,3041,453,2759,1077,688,1426,2234,3937,2098,996,500
"854",98391,"ZCTA5 98391",26855,297,2520,3745,1325,3509,1764,390,1375,2253,5377,1760,902,1638
"855",98625,"ZCTA5 98625",3258,80,208,538,69,300,336,34,61,319,647,298,168,200
"856",98626,"ZCTA5 98626",9992,254,529,1685,314,1653,903,100,306,562,1999,849,432,406
"857",98663,"ZCTA5 98663",7001,38,474,791,218,691,445,197,410,678,1758,592,389,320
"858",98815,"ZCTA5 98815",3421,382,202,190,223,420,358,12,116,207,787,160,86,278
"859",98901,"ZCTA5 98901",12285,2182,809,826,824,1345,965,163,326,738,2037,1141,527,402
"860",98902,"ZCTA5 98902",20129,1907,1005,1736,986,2329,2088,249,418,1192,4594,1732,1145,748
"861",98908,"ZCTA5 98908",17508,918,712,1529,654,2002,807,243,879,1364,5358,1048,849,1145
"862",98944,"ZCTA5 98944",8794,2829,418,737,236,995,746,17,88,361,1369,625,264,109
"863",98037,"ZCTA5 98037",15351,47,866,1717,373,2226,734,317,884,1833,3251,1568,999,536
"864",99350,"ZCTA5 99350",5785,1260,321,512,298,627,504,17,134,345,1065,208,303,191
"865",98059,"ZCTA5 98059",20158,90,1143,2644,484,2734,792,753,1183,3063,3785,1694,1003,790
"866",98105,"ZCTA5 98105",24555,150,543,1112,297,2970,270,754,869,4041,8324,3673,1088,464
"867",98109,"ZCTA5 98109",21138,0,439,1165,240,4615,465,1395,1510,5828,2598,1930,596,357
"868",98146,"ZCTA5 98146",14363,73,1260,1312,274,1316,1060,219,583,2106,2990,1555,1160,455
"869",98270,"ZCTA5 98270",24829,174,1781,4572,518,3633,1155,674,1082,2009,4388,2546,1249,1048
"870",98312,"ZCTA5 98312",13599,56,908,1797,169,1471,519,142,513,1227,3094,1596,643,1464
"871",98531,"ZCTA5 98531",9781,362,745,911,224,1720,430,131,357,892,1852,1040,364,753
"872",98584,"ZCTA5 98584",14600,1336,1252,1186,572,1434,571,197,503,1117,2893,1348,567,1624
"873",98002,"ZCTA5 98002",15258,230,1263,2444,662,1935,1007,124,603,1586,2581,1702,499,622
"874",98936,"ZCTA5 98936",2794,366,184,392,68,305,120,14,106,240,611,141,102,145
"875",98008,"ZCTA5 98008",12324,42,386,1173,333,1074,269,701,826,3266,2187,1304,466,297
"876",98020,"ZCTA5 98020",10023,43,778,794,262,1241,537,274,1081,1389,2216,719,353,336
"877",98042,"ZCTA5 98042",25302,208,1650,3752,1232,3296,2264,484,1688,2654,4554,1394,958,1168
"878",98115,"ZCTA5 98115",30753,82,1038,2147,551,2941,600,1091,1915,6676,8931,2513,1352,916
"879",98382,"ZCTA5 98382",9368,169,816,378,134,1376,403,138,639,791,2328,1207,585,404
"880",98424,"ZCTA5 98424",5886,13,478,679,239,735,573,92,256,562,1148,639,141,331
"881",98503,"ZCTA5 98503",17526,321,1180,1119,394,1898,773,99,802,1746,4196,1625,646,2727
"882",98532,"ZCTA5 98532",10544,467,698,1035,262,1243,828,101,422,728,2376,762,593,1029
"883",99203,"ZCTA5 99203",10600,79,402,695,191,969,363,240,881,1199,3500,1175,410,496
"884",99205,"ZCTA5 99205",21292,159,1100,1686,914,2576,754,487,1259,1967,5804,2181,1352,1053
"885",98374,"ZCTA5 98374",18624,84,1170,2250,894,2474,1374,238,1099,1478,4332,1504,706,1021
"886",98407,"ZCTA5 98407",10556,57,595,916,375,1069,497,184,688,942,3049,1007,337,840
"887",98466,"ZCTA5 98466",13560,163,803,780,307,1596,1080,185,979,1277,3417,1594,577,802
"888",98499,"ZCTA5 98499",13048,80,1135,815,421,1825,891,143,367,1108,2947,1664,716,936
"889",98501,"ZCTA5 98501",20313,433,1084,943,264,2245,631,323,1344,1607,4928,1813,886,3812
"890",98502,"ZCTA5 98502",16949,316,888,823,325,1978,386,233,908,1648,3980,1801,905,2758
"891",98512,"ZCTA5 98512",14903,214,880,912,394,1739,462,295,776,1497,3062,1102,831,2739
"892",98520,"ZCTA5 98520",8583,382,399,1018,158,1145,285,66,350,410,2276,941,496,657
"893",98588,"ZCTA5 98588",403,0,16,14,22,15,34,0,0,67,46,97,12,80
"894",98592,"ZCTA5 98592",425,13,23,44,0,26,119,0,0,0,70,64,37,29
"895",98840,"ZCTA5 98840",1685,120,109,66,17,204,68,27,135,34,488,153,96,168
"896",98001,"ZCTA5 98001",16328,72,1503,2151,802,1856,1185,176,891,1798,2845,1366,855,828
"897",98277,"ZCTA5 98277",14650,215,771,1240,186,1951,762,138,696,1194,3453,1347,722,1975
"898",98290,"ZCTA5 98290",18535,214,1967,2781,459,2157,931,396,865,2209,3596,1203,836,921
"899",98328,"ZCTA5 98328",4100,109,538,438,99,502,254,65,99,361,818,270,199,348
"900",98368,"ZCTA5 98368",6272,98,319,552,47,671,152,133,257,725,1453,835,604,426
"901",98387,"ZCTA5 98387",22406,76,2198,2382,836,3194,1562,467,813,1585,4426,2192,1226,1449
"902",98133,"ZCTA5 98133",26953,106,1039,1800,617,3553,1291,628,1445,3736,6613,3536,1500,1089
"903",98101,"ZCTA5 98101",8398,34,262,378,139,1328,193,506,617,2197,1229,1097,172,246
"904",98106,"ZCTA5 98106",14565,34,817,1385,408,1605,938,487,889,1906,2643,2037,1002,414
"905",98178,"ZCTA5 98178",14363,113,655,1724,371,1210,1135,235,835,1892,3353,1487,872,481
"906",98199,"ZCTA5 98199",12317,36,387,832,388,1416,438,411,967,2951,2533,1067,591,300
"907",98201,"ZCTA5 98201",14285,110,1047,2066,386,2043,577,278,671,1471,2937,1447,584,668
"908",98204,"ZCTA5 98204",22191,163,1710,4085,279,2831,1065,635,1094,2072,3830,2950,840,637
"909",98003,"ZCTA5 98003",24240,355,2209,2644,641,3075,2248,404,1571,2614,4207,2427,912,933
"910",98021,"ZCTA5 98021",15928,10,882,2098,293,1745,405,581,1118,3187,3088,1182,856,483
"911",98032,"ZCTA5 98032",18773,158,1476,2222,749,2302,2082,367,950,1811,3453,1867,810,526
"912",98038,"ZCTA5 98038",17322,48,1284,2433,662,1955,957,262,934,2445,3610,1160,717,855
"913",98053,"ZCTA5 98053",9981,55,399,872,310,1097,322,608,707,3190,1374,454,332,261
"914",98272,"ZCTA5 98272",14737,202,1623,2180,474,1773,570,268,690,1783,2709,990,800,675
"915",98591,"ZCTA5 98591",1208,97,132,86,53,134,130,37,65,29,249,39,111,46
"916",98635,"ZCTA5 98635",658,49,30,157,0,69,22,0,15,86,151,51,9,19
"917",98644,"ZCTA5 98644",149,0,19,15,0,59,0,0,0,28,0,0,28,0
"918",98802,"ZCTA5 98802",14179,1424,1114,707,525,1936,954,160,483,984,3028,1336,816,712
"919",98843,"ZCTA5 98843",954,515,43,24,19,77,34,0,12,28,127,41,20,14
"920",98951,"ZCTA5 98951",4905,1102,142,349,287,302,485,26,99,161,925,426,170,431
"921",98033,"ZCTA5 98033",21954,112,1065,2287,540,1960,632,1064,1688,5946,3483,1762,864,551
"922",98136,"ZCTA5 98136",10088,16,668,869,257,1214,378,403,418,1955,2023,953,575,359
"923",98116,"ZCTA5 98116",15704,75,730,1195,434,1596,677,538,910,3327,3450,1540,711,521
"924",98118,"ZCTA5 98118",24714,204,970,2087,519,2635,1477,479,1064,3424,6430,3122,1083,1220
"925",98134,"ZCTA5 98134",409,0,23,20,25,55,8,43,0,85,60,42,33,15
"926",98222,"ZCTA5 98222",14,0,2,2,0,0,2,0,0,6,2,0,0,0
"927",98233,"ZCTA5 98233",6924,311,477,882,364,823,249,75,463,614,1557,689,250,170
"928",98311,"ZCTA5 98311",12777,0,726,1307,34,1748,503,189,536,927,2748,1678,536,1845
"929",98332,"ZCTA5 98332",7607,43,408,521,172,785,604,138,682,781,2047,633,328,465
